Konzept-Nr.;Schritt-Nr.;K;AE;AM
mip-K-1;mip-K-1-1;K-RP;AE-RO;AM-S
mip-K-1;mip-K-1-2;K-RP;AE-RO;AM-I
mip-K-1;mip-K-1-3;K-RP;AE-RO;AM-S
mip-K-1;mip-K-1-4;K-RP;AE-RO;AM-I
mip-K-1;mip-K-1-5;K-RP;AE-RO;AM-I
mip-K-1;mip-K-1-6;K-RP;AE-RO;AM-I
mip-K-1;mip-K-1-7;K-RP;AE-RO;AM-I
mip-K-1;mip-K-1-8;K-RP;AE-RO;AM-I
mip-K-1;mip-K-1-9;K-RP;AE-RO;AM-S
mip-K-2;mip-K-2-1;-;-;AM-LN
mip-K-2;mip-K-2-2;K-RP;AE-RO;AM-I
mip-K-2;mip-K-2-3;K-RP;AE-RO;AM-LN
mip-K-2;mip-K-2-4;K-RB;AE-PO;AM-BE
mip-K-2;mip-K-2-5;K-RB;AE-PO;AM-I
mip-K-2;mip-K-2-6;K-RP;AE-RO;AM-LN
mip-K-2;mip-K-2-7;K-RP;AE-RO;AM-I
mip-K-2;mip-K-2-8;K-RB, K-RP;AE-PO, AE-RO;AM-I
mip-K-3;mip-K-3-1;K-RB;AE-PO;AM-I
mip-K-3;mip-K-3-2;K-RP;AE-RO;AM-S
mip-K-3;mip-K-3-3;K-RP;AE-RO;AM-S, AM-B
mip-K-3;mip-K-3-4;K-RP;AE-RO;AM-S
mip-K-3;mip-K-3-5;K-RP;AE-RO;AM-I
mip-K-4;mip-K-4-1;-;AE-KO;AM-K
mip-K-4;mip-K-4-2;-;AE-KO;AM-K
mip-K-4;mip-K-4-3;K-RF;AE-KO;AM-K
mip-K-4;mip-K-4-4;K-RP;AE-RO;AM-K
mip-K-4;mip-K-4-5;K-RP;AE-RO;AM-HB
mip-K-4;mip-K-4-6;K-RP;AE-KO;AM-K
mip-K-4;mip-K-4-7;K-RP;AE-RO;AM-S
mip-K-4;mip-K-4-8;K-RP;AE-RO;AM-HB
mip-K-4;mip-K-4-9;K-RP;AE-RO;AM-K
mip-K-4;mip-K-4-10;K-RP;AE-KO;AM-K
mip-K-4;mip-K-4-11;K-RB;AE-KO;AM-K
mip-K-4;mip-K-4-12;K-RB;AE-PO;AM-S, AM-I
mip-K-5;mip-K-5-1;K-RP;AE-RO;AM-I
mip-K-5;mip-K-5-2;K-RP;AE-RO;AM-I
mip-K-5;mip-K-5-3;K-RP;AE-RO;AM-I
mip-K-5;mip-K-5-4;K-RP;AE-RO;AM-I
mip-K-5;mip-K-5-5;K-RP;AE-RO;AM-I
mip-K-6;mip-K-6-1;K-RF;AE-KO;AM-K
mip-K-6;mip-K-6-2;K-RP;AE-KO;AM-K
mip-K-6;mip-K-6-3;K-RP;AE-RO;AM-S
mip-K-6;mip-K-6-4;K-RB;AE-PO;AM-B
mip-K-6;mip-K-6-5;K-RB;AE-PO;AM-B, AM-S, AM-I
mip-K-7;mip-K-7-1;K-RP;AE-RO;AM-HB
mip-K-7;mip-K-7-2;K-RP;AE-RO;AM-B
mip-K-7;mip-K-7-3;K-RP;AE-RO;AM-B
mip-K-7;mip-K-7-4;K-RP;AE-RO;AM-HB
mip-K-7;mip-K-7-5;K-RP;AE-RO;AM-B
mip-K-7;mip-K-7-6;K-RP;AE-RO;AM-B
mip-K-7;mip-K-7-7;K-RP;AE-RO;AM-B
mip-K-7;mip-K-7-8;K-RP;AE-RO;AM-B
mip-K-7;mip-K-7-9;K-RP;AE-RO;AM-B
mip-K-8;mip-K-8-1;K-RP;AE-RO;AM-S
mip-K-8;mip-K-8-2;K-RP;AE-RO;AM-I
mip-K-8;mip-K-8-3;K-RP;AE-RO;AM-I
mip-K-8;mip-K-8-4;K-RP;AE-RO;AM-I
mip-K-8;mip-K-8-5;K-RP;AE-RO;AM-S, AM-I
mip-K-9;mip-K-9-1;K-RP;AE-RO;AM-HB
mip-K-9;mip-K-9-2;K-RP;AE-RO;AM-HB
mip-K-9;mip-K-9-3;K-RB;AE-KO;AM-K
mip-K-9;mip-K-9-4;K-RP;AE-RO;AM-HB
mip-K-9;mip-K-9-5;K-RP;AE-KO;AM-K
mip-K-9;mip-K-9-6;K-RP;AE-KO;AM-K
mip-K-9;mip-K-9-7;K-RP;AE-KO;AM-K
mip-K-9;mip-K-9-8;K-RP;AE-KO;AM-K
mip-K-9;mip-K-9-9;K-RP;AE-KO;AM-K
mip-K-10;mip-K-10-1;K-RP;AE-RO;AM-I
mip-K-10;mip-K-10-2;K-RP;AE-RO;AM-I
mip-K-10;mip-K-10-3;K-RP;AE-RO;AM-I
mip-K-10;mip-K-10-4;K-RP;AE-RO;AM-I
mip-K-10;mip-K-10-5;K-RP;AE-RO;AM-I
mip-K-11;mip-K-11-1;K-RP;-;AM-K
mip-K-11;mip-K-11-2;K-RB;AE-RO;AM-I
mip-K-11;mip-K-11-3;K-RP;AE-RO;AM-I
mip-K-11;mip-K-11-4;K-RP;AE-RO;AM-K
mip-K-11;mip-K-11-5;K-RP;AE-RO;AM-K
mip-K-12;mip-K-12-1;K-RP;AE-RO;AM-K
mip-K-12;mip-K-12-2;K-RP;AE-RO;AM-HB
mip-K-12;mip-K-12-3;K-RP;AE-RO;AM-HB
mip-K-13;mip-K-13-1;K-RB;AE-KO;AM-K
mip-K-13;mip-K-13-2;K-RP;AE-RO;AM-HB
mip-K-13;mip-K-13-3;K-RP;AE-RO;AM-HB, AM-I
mip-K-13;mip-K-13-4;K-RP;AE-KO;AM-K
mip-K-13;mip-K-13-5;K-RP;AE-KO;AM-K
mip-K-13;mip-K-13-6;K-RP;AE-RO;AM-HB
mip-K-13;mip-K-13-7;K-RP;AE-RO;AM-HB
mip-K-13;mip-K-13-8;K-RP;AE-RO;AM-HB
mip-K-13;mip-K-13-9;K-RP;AE-RO;AM-S
mip-K-13;mip-K-13-10;K-RP;AE-RO;AM-HB
mip-K-13;mip-K-13-11;K-RP;AE-RO;AM-HB
mip-K-13;mip-K-13-12;K-RP;AE-KO;AM-K
mip-K-14;mip-K-14-1;K-RP;AE-RO;AM-S
mip-K-14;mip-K-14-2;K-RP;AE-KO;AM-K
mip-K-14;mip-K-14-3;K-RP;AE-RO;AM-HB
mip-K-14;mip-K-14-4;K-RB;AE-KO;AM-K
mip-K-14;mip-K-14-5;K-RP;AE-RO;AM-HB
mip-K-15;mip-K-15-1;K-RF;AE-KO;AM-K
mip-K-15;mip-K-15-2;K-RP;AE-KO;AM-K
mip-K-15;mip-K-15-3;K-RP;AE-RO;AM-HB
mip-K-15;mip-K-15-4;K-RP;AE-RO;AM-HB
mip-K-15;mip-K-15-5;K-RP;AE-RO;AM-I, AM-S
mip-K-15;mip-K-15-6;K-RP;AE-RO;AM-B
mip-K-16;mip-K-16-1;K-RP;AE-RO;AM-S
mip-K-16;mip-K-16-2;K-RP;AE-RO;AM-S
mip-K-16;mip-K-16-3;K-RF;AE-KO;AM-K
mip-K-16;mip-K-16-4;K-RP;AE-RO;AM-I
mip-K-16;mip-K-16-5;K-RP;AE-RO;AM-I
mip-K-16;mip-K-16-6;K-RP;AE-RO;AM-I
mip-K-16;mip-K-16-7;K-RP;AE-RO;AM-I
mip-K-16;mip-K-16-8;K-RP;AE-RO;AM-I, AM-S
mip-K-17;mip-K-17-1;K-RP;AE-RO;AM-I
mip-K-17;mip-K-17-2;K-RP;AE-RO;AM-HB
mip-K-17;mip-K-17-3;K-RP;AE-RO;AM-I, AM-HB
mip-K-17;mip-K-17-4;K-RP;AE-RO;AM-I
mip-K-17;mip-K-17-5;K-RP;AE-RO;AM-I
mip-K-17;mip-K-17-6;K-RB;AE-PO;AM-BE
mip-K-17;mip-K-17-7;K-RB;AE-PO;AM-I
mip-K-18;mip-K-18-1;K-RP;AE-RO;AM-HB
mip-K-18;mip-K-18-2;K-RP;AE-RO;AM-B
mip-K-18;mip-K-18-3;K-RP;AE-RO;AM-B
mip-K-18;mip-K-18-4;K-RB;AE-RO;AM-B
mip-K-19;mip-K-19-1;K-RP;AE-RO;AM-S
mip-K-19;mip-K-19-2;K-RP;AE-RO;AM-S
mip-K-19;mip-K-19-3;K-RP;AE-RO;AM-S
mip-K-19;mip-K-19-4;K-RP;AE-RO;AM-HB, AM-S
mip-K-19;mip-K-19-5;K-RP;AE-RO;AM-S
mip-K-19;mip-K-19-6;K-RB;AE-KO;AM-K
mip-K-19;mip-K-19-7;K-RB;AE-PO;AM-BE
mip-K-20;mip-K-20-1;K-RP;AE-KO;AM-K
mip-K-20;mip-K-20-2;K-RP;AE-RO;AM-HB
mip-K-20;mip-K-20-3;K-RP;AE-RO;AM-HB
mip-K-20;mip-K-20-4;K-RP;AE-KO;AM-K
mip-K-20;mip-K-20-5;K-RB;AE-KO;AM-K
mip-K-20;mip-K-20-6;K-RP;AE-RO;AM-HB
mip-K-20;mip-K-20-7;K-RP;AE-KO;AM-K
mip-K-20;mip-K-20-8;K-RB;AE-RO;AM-B
mip-K-20;mip-K-20-9;K-RP;AE-RO;AM-I, AM-B
mip-K-21;mip-K-21-1;K-RP;AE-RO;AM-B
mip-K-21;mip-K-21-2;K-RP;AE-RO;AM-S
mip-K-21;mip-K-21-3;K-RP;AE-RO;AM-I
mip-K-22;mip-K-22-1;K-RP;AE-RO;AM-I
mip-K-22;mip-K-22-2;K-RP;AE-RO;AM-I
mip-K-22;mip-K-22-3;K-RB;AE-PO;AM-I
mip-K-22;mip-K-22-4;K-RP;AE-RO;AM-I
mip-K-22;mip-K-22-5;K-RB;AE-PO;AM-I
mip-K-23;mip-K-23-1;-;AE-KO;AM-K
mip-K-23;mip-K-23-2;-;AE-KO;AM-K
mip-K-23;mip-K-23-3;K-RP;AE-KO;AM-K
mip-K-23;mip-K-23-4;-;AE-KO;AM-K
mip-K-24;mip-K-24-1;-;-;AM-LN
mip-K-24;mip-K-24-2;-;-;AM-LN
mip-K-24;mip-K-24-3;-;-;AM-LN
mip-K-25;mip-K-25-1;-;AE-KO;AM-K
mip-K-25;mip-K-25-2;K-RP;AE-KO;AM-K
mip-K-25;mip-K-25-3;K-RP;AE-RO;AM-HB
mip-K-25;mip-K-25-4;K-RF;AE-RO;AM-HB
mip-K-25;mip-K-25-5;-;AE-KO;AM-K
mip-K-25;mip-K-25-6;K-RB;AE-RO;AM-HB
mip-K-25;mip-K-25-7;K-RP;AE-KO;AM-K
mip-K-25;mip-K-25-8;K-RB;AE-KO;AM-K
mip-K-26;mip-K-26-1;K-RF;AE-KO;AM-K
mip-K-26;mip-K-26-2;K-RP;AE-RO;AM-HB
mip-K-26;mip-K-26-3;K-RP;AE-RO;AM-HB
mip-K-26;mip-K-26-4;K-RP;AE-RO;AM-HB
mip-K-26;mip-K-26-5;K-RP;AE-RO;AM-HB
mip-K-26;mip-K-26-6;K-RP;AE-RO;AM-LN
mip-K-26;mip-K-26-7;K-RP;AE-KO;AM-K
mip-K-26;mip-K-26-8;K-RF;AE-KO;AM-HB
mip-K-27;mip-K-27-1;K-RP;AE-RO;AM-S
mip-K-27;mip-K-27-2;K-RP;AE-RO;AM-I
mip-K-27;mip-K-27-3;K-RP;AE-RO;AM-B
mip-K-27;mip-K-27-4;K-RP;AE-KO;AM-K
mip-K-27;mip-K-27-5;K-RP;AE-RO;AM-HB
mip-K-27;mip-K-27-6;K-RB;AE-PO;AM-I
mip-K-27;mip-K-27-7;K-RF;AE-KO;AM-K
mip-K-27;mip-K-27-8;K-RB;AE-PO;AM-BE
mip-K-28;mip-K-28-1;K-RP;AE-RO;AM-HB
mip-K-28;mip-K-28-2;K-RP;AE-KO;AM-K
mip-K-28;mip-K-28-3;K-RP;AE-RO;AM-HB
mip-K-28;mip-K-28-4;K-RF;AE-KO;AM-K
mip-K-28;mip-K-28-5;K-RP;AE-KO;AM-K
mip-K-28;mip-K-28-6;K-RP;AE-RO;AM-HB
mip-K-28;mip-K-28-7;K-RP;AE-RO;AM-HB
mip-K-28;mip-K-28-8;K-RF;AE-KO;AM-HB
mip-K-29;mip-K-29-1;K-RP;AE-RO;AM-S
mip-K-29;mip-K-29-2;K-RP;AE-RO;AM-S
mip-K-29;mip-K-29-3;K-RP;AE-RO;AM-S
mip-K-29;mip-K-29-4;K-RP;AE-RO;AM-LN
mip-K-29;mip-K-29-5;K-RP;AE-RO;AM-I
mip-K-29;mip-K-29-6;K-RP;AE-RO;AM-S, AM-I
mip-K-30;mip-K-30-1;K-RP;AE-RO;AM-S
mip-K-30;mip-K-30-2;K-RP;AE-RO;AM-S
mip-K-30;mip-K-30-3;K-RP;AE-RO;AM-I
mip-K-30;mip-K-30-4;K-RP;AE-RO;AM-I
mip-K-30;mip-K-30-5;K-RP;AE-RO;AM-I
mip-K-30;mip-K-30-6;K-RP;AE-RO;AM-I
mip-K-31;mip-K-31-1;K-RP;AE-KO;AM-HB
mip-K-31;mip-K-31-2;-;AE-KO;AM-LN
mip-K-31;mip-K-31-3;-;AE-KO;AM-LN
mip-K-31;mip-K-31-4;-;AE-KO;AM-LN
mip-K-31;mip-K-31-5;-;AE-KO;AM-LN
mip-K-31;mip-K-31-6;K-RP;AE-RO;AM-I
mip-K-32;mip-K-32-1;K-RP;AE-RO;AM-B
mip-K-32;mip-K-32-2;K-RP;AE-RO;AM-B
mip-K-32;mip-K-32-3;K-RP;AE-RO;AM-HB
mip-K-32;mip-K-32-4;K-RB;AE-RO;AM-B
mip-K-33;mip-K-33-1;K-RP;AE-RO;AM-S
mip-K-33;mip-K-33-2;K-RP;AE-RO;AM-HB
mip-K-33;mip-K-33-3;K-RP;AE-RO;AM-S
mip-K-33;mip-K-33-4;K-RP;AE-RO;AM-S
mip-K-33;mip-K-33-5;K-RP;AE-RO;AM-I
mip-K-34;mip-K-34-1;K-RP;AE-RO;AM-S
mip-K-34;mip-K-34-2;K-RP;AE-RO;AM-I
mip-K-34;mip-K-34-3;K-RP;AE-RO;AM-I
mip-K-34;mip-K-34-4;K-RP;AE-RO;AM-I
mip-K-34;mip-K-34-5;K-RP;AE-RO;AM-I, AM-S
mip-K-34;mip-K-34-6;K-RP;AE-RO;AM-I, AM-S
mip-K-35;mip-K-35-1;K-RP;AE-RO;AM-HB
mip-K-35;mip-K-35-2;K-RP;AE-RO;AM-I
mip-K-35;mip-K-35-3;K-RP;AE-RO;AM-I
mip-K-35;mip-K-35-4;K-RP;AE-RO;AM-I
mip-K-35;mip-K-35-5;K-RB;AE-PO;AM-BE
mip-K-35;mip-K-35-6;K-RB;AE-PO;AM-BE
mip-K-35;mip-K-35-7;K-RB;AE-PO;AM-BE
mip-K-36;mip-K-36-1;K-RP;AE-KO;AM-K
mip-K-36;mip-K-36-2;K-RP;AE-KO;AM-K
mip-K-36;mip-K-36-3;K-RP;AE-RO;AM-HB
mip-K-36;mip-K-36-4;K-RF;AE-RO;AM-HB
mip-K-36;mip-K-36-5;K-RP;AE-RO;AM-HB
mip-K-36;mip-K-36-6;K-RP;AE-RO;AM-S
mip-K-36;mip-K-36-7;K-RP;AE-RO;AM-I
mip-K-36;mip-K-36-8;K-RP;AE-KO;AM-K
mip-K-37;mip-K-37-1;K-RP;AE-RO;AM-I
mip-K-37;mip-K-37-2;K-RP;AE-RO;AM-I
mip-K-37;mip-K-37-3;K-RB;AE-PO;AM-I
mip-K-37;mip-K-37-4;K-RP;AE-RO;AM-I
mip-K-37;mip-K-37-5;K-RP;AE-RO;AM-I
mip-K-37;mip-K-37-6;K-RP;AE-RO;AM-I
mip-K-38;mip-K-38-1;K-RP;AE-KO;AM-K
mip-K-38;mip-K-38-2;K-RB;AE-PO;AM-BE
mip-K-38;mip-K-38-3;K-RB;AE-PO;AM-I
mip-K-38;mip-K-38-4;K-RB;AE-PO;AM-I, AM-M
mip-K-38;mip-K-38-5;K-RB;AE-KO;AM-K
mip-K-38;mip-K-38-6;K-RP;AE-KO;AM-K
mip-K-38;mip-K-38-7;K-RF;AE-KO;AM-K
mip-K-38;mip-K-38-8;K-RF;AE-KO;AM-K
mip-K-38;mip-K-38-9;K-RB;AE-KO;AM-K
mip-K-39;mip-K-39-1;K-RF;AE-KO;AM-K
mip-K-39;mip-K-39-2;K-RP;AE-KO;AM-K
mip-K-39;mip-K-39-3;K-RP;AE-KO;AM-K
mip-K-39;mip-K-39-4;K-RP;AE-KO;AM-HB
mip-K-39;mip-K-39-5;K-RP;AE-RO;AM-HB
mip-K-39;mip-K-39-6;K-RP;AE-KO;AM-K
mip-K-39;mip-K-39-7;K-RP;AE-RO;AM-HB
mip-K-39;mip-K-39-8;K-RP;AE-RO;-
mip-K-39;mip-K-39-9;K-RP;AE-RO;AM-HB
mip-K-40;mip-K-40-1;K-RP;AE-KO;AM-K
mip-K-40;mip-K-40-2;K-RP;AE-RO;AM-HB
mip-K-40;mip-K-40-3;K-RP;AE-RO;AM-K
mip-K-40;mip-K-40-4;K-RP;AE-RO;AM-HB
mip-K-40;mip-K-40-5;K-RP;AE-RO;AM-HB
mip-K-40;mip-K-40-6;K-RF;AE-KO;AM-K
mip-K-41;mip-K-41-1;K-RP;AE-RO;AM-HB
mip-K-41;mip-K-41-2;K-RP;AE-RO;AM-HB
mip-K-41;mip-K-41-3;K-RP;AE-RO;AM-HB
mip-K-41;mip-K-41-4;K-RP;AE-RO;AM-HB
mip-K-42;mip-K-42-1;K-RP;AE-KO;AM-K
mip-K-42;mip-K-42-2;K-RP;AE-KO;AM-K
mip-K-42;mip-K-42-3;K-RF;AE-KO;AM-K
mip-K-42;mip-K-42-4;K-RP;AE-KO;AM-K
mip-K-42;mip-K-42-5;K-RP;AE-RO;AM-HB
mip-K-42;mip-K-42-6;K-RP;AE-RO;AM-HB
mip-K-42;mip-K-42-7;K-RB;AE-KO;AM-K
mip-K-42;mip-K-42-8;K-RB;AE-PO;AM-BE
mip-K-42;mip-K-42-9;-;-;-
mip-K-43;mip-K-43-1;K-RP;AE-RO;AM-HB
mip-K-43;mip-K-43-2;K-RP;AE-RO;AM-HB
mip-K-43;mip-K-43-3;K-RP;AE-RO;AM-I, AM-M
mip-K-43;mip-K-43-4;K-RP;AE-KO;AM-K
mip-K-43;mip-K-43-5;K-RP;AE-RO;AM-HB
mip-K-43;mip-K-43-6;K-RB;AE-KO;-
mip-K-43;mip-K-43-7;K-RP;AE-RO;AM-HB
mip-K-43;mip-K-43-8;K-RP;AE-RO;AM-HB
mip-K-44;mip-K-44-1;K-RP;AE-RO;AM-HB
mip-K-44;mip-K-44-2;K-RP;AE-RO;AM-S
mip-K-44;mip-K-44-3;K-RP;AE-RO;AM-S
mip-K-44;mip-K-44-4;K-RP;AE-RO;AM-S
mip-K-44;mip-K-44-5;K-RF;AE-KO;AM-K
mip-K-44;mip-K-44-6;K-RP;AE-RO;AM-I
mip-K-44;mip-K-44-7;K-RP;AE-RO;AM-I
mip-K-44;mip-K-44-8;K-RP;AE-RO;AM-I
mip-K-44;mip-K-44-9;K-RP;AE-RO;AM-I, AM-S
mip-K-45;mip-K-45-1;K-RP;AE-RO;AM-B
mip-K-45;mip-K-45-2;K-RF;AE-RO;AM-HB
mip-K-45;mip-K-45-3;K-RP;AE-KO;AM-K
mip-K-45;mip-K-45-4;K-RP;AE-RO;AM-HB
mip-K-45;mip-K-45-5;K-RB;AE-RO;AM-I
mip-K-45;mip-K-45-6;K-RP;AE-RO;AM-I
mip-K-45;mip-K-45-7;K-RB;AE-PO;AM-M
mip-K-45;mip-K-45-8;K-RB, K-RP;AE-PO, AE-RO;AM-M, AM-I
mip-K-46;mip-K-46-1;K-RP;AE-RO;AM-S
mip-K-46;mip-K-46-2;K-RP;AE-RO;AM-S
mip-K-46;mip-K-46-3;K-RF;AE-KO;AM-K
mip-K-46;mip-K-46-4;K-RB;AE-RO;AM-B
mip-K-46;mip-K-46-5;K-RB;AE-RO;AM-B
mip-K-46;mip-K-46-6;K-RB;AE-KO;AM-K
mip-K-46;mip-K-46-7;K-RB;AE-RO;AM-K
mip-K-46;mip-K-46-8;K-RF;AE-RO;AM-K
mip-K-47;mip-K-47-1;K-RP;AE-RO;AM-HB
mip-K-47;mip-K-47-2;K-RB;AE-PO;AM-I
mip-K-47;mip-K-47-3;K-RB;AE-PO;AM-I
mip-K-47;mip-K-47-4;K-RP;AE-KO;AM-K
mip-K-47;mip-K-47-5;K-RP;AE-RO;AM-HB
mip-K-47;mip-K-47-6;K-RP;AE-KO;AM-K
mip-K-47;mip-K-47-7;K-RP;AE-KO;AM-K
mip-K-48;mip-K-48-1;K-RP;AE-RO;AM-HB
mip-K-48;mip-K-48-2;K-RP;AE-RO;AM-HB
mip-K-49;mip-K-49-1;K-RP;AE-RO;AM-S
mip-K-49;mip-K-49-2;K-RP;AE-RO;AM-B
mip-K-49;mip-K-49-3;K-RP;AE-RO;AM-S, AM-B
mip-K-50;mip-K-50-1;K-RP;AE-RO;AM-HB
mip-K-50;mip-K-50-2;K-RP;AE-KO;AM-K
mip-K-50;mip-K-50-3;K-RP;AE-RO;AM-S
mip-K-50;mip-K-50-4;K-RP;AE-RO;AM-S
mip-K-50;mip-K-50-5;K-RP;AE-RO;AM-B
mip-K-50;mip-K-50-6;K-RP;AE-RO;AM-B
mip-K-51;mip-K-51-1;K-RP;AE-RO;AM-HB
mip-K-51;mip-K-51-2;K-RP;AE-RO;AM-HB
mip-K-51;mip-K-51-3;K-RP;AE-RO;AM-LN
mip-K-51;mip-K-51-4;K-RP;AE-RO;AM-HB
mip-K-51;mip-K-51-5;K-RP;AE-RO;AM-I
mip-K-51;mip-K-51-6;K-RP;AE-RO;AM-HB
mip-K-51;mip-K-51-7;K-RB;AE-PO;AM-BE
mip-K-51;mip-K-51-8;K-RP;AE-RO;AM-LN
mip-K-51;mip-K-51-9;K-RP;AE-RO;AM-I
mip-K-51;mip-K-51-10;K-RP;AE-RO;AM-HB
mip-K-51;mip-K-51-11;K-RP;AE-KO;AM-K
mip-K-51;mip-K-51-12;K-RP;AE-KO;AM-K
mip-K-51;mip-K-51-13;K-RP;AE-RO;AM-HB
mip-K-51;mip-K-51-14;K-RF;AE-KO;AM-K
mip-K-51;mip-K-51-15;K-RB;AE-RO;AM-HB
mip-K-51;mip-K-51-16;K-RP;AE-RO;AM-K
mip-K-51;mip-K-51-17;K-RB;AE-RO;AM-I, AM-HB
mip-K-51;mip-K-51-18;K-RP;AE-RO;AM-HB
mip-K-52;mip-K-52-1;-;AE-KO;AM-K
mip-K-52;mip-K-52-2;K-RF;AE-KO;AM-K
mip-K-52;mip-K-52-3;K-RF;AE-KO;AM-K
mip-K-52;mip-K-52-4;-;AE-KO;AM-K
mip-K-52;mip-K-52-5;K-RP;AE-RO;AM-HB
mip-K-52;mip-K-52-6;K-RF;AE-KO;AM-HB
mip-K-52;mip-K-52-7;K-RF;AE-KO;AM-K
mip-K-52;mip-K-52-8;K-RP;AE-RO;AM-HB
mip-K-52;mip-K-52-9;K-RB;AE-KO;AM-K
mip-K-52;mip-K-52-10;K-RF;AE-KO;AM-K
mip-K-52;mip-K-52-11;K-RB;AE-PO;AM-I
mip-K-52;mip-K-52-12;K-RB;AE-PO;AM-I
mip-K-53;mip-K-53-1;K-RP;AE-RO;AM-S
mip-K-53;mip-K-53-2;K-RP;AE-RO;AM-S
mip-K-53;mip-K-53-3;K-RP;AE-RO;AM-S
mip-K-53;mip-K-53-4;K-RP;AE-RO;AM-I
mip-K-53;mip-K-53-5;K-RP;AE-RO;AM-I
mip-K-53;mip-K-53-6;K-RP;AE-RO;AM-I, AM-S
mip-K-53;mip-K-53-7;K-RP;AE-RO;AM-I
mip-K-54;mip-K-54-1;K-RP;AE-RO;AM-I
mip-K-54;mip-K-54-2;K-RP, K-RB;AE-RO, AE-PO;AM-I, AM-M
mip-K-54;mip-K-54-3;K-RP;AE-RO;AM-HB
mip-K-54;mip-K-54-4;K-RP;AE-RO;AM-HB
mip-K-54;mip-K-54-5;K-RP;AE-RO;AM-LN
mip-K-54;mip-K-54-6;K-RP;AE-RO;AM-HB
mip-K-54;mip-K-54-7;K-RB;AE-PO;AM-BE
mip-K-54;mip-K-54-8;K-RP;AE-RO;AM-I
mip-K-54;mip-K-54-9;K-RF;AE-KO;AM-K
mip-K-55;mip-K-55-1;K-RP;AE-RO;AM-I
mip-K-55;mip-K-55-2;K-RP;AE-RO;AM-S
mip-K-55;mip-K-55-3;K-RP;AE-RO;AM-I
mip-K-55;mip-K-55-4;K-RP;AE-RO;AM-I, AM-S
mip-K-55;mip-K-55-5;K-RP;AE-RO;AM-I, AM-S
mip-K-56;mip-K-56-1;K-RP;AE-RO;AM-S
mip-K-56;mip-K-56-2;K-RP;AE-RO;AM-S
mip-K-56;mip-K-56-3;K-RP;AE-RO;AM-S
mip-K-56;mip-K-56-4;K-RF;AE-KO;AM-K
mip-K-56;mip-K-56-5;K-RP;AE-RO;AM-S
mip-K-56;mip-K-56-6;K-RP;AE-RO;AM-I
mip-K-56;mip-K-56-7;K-RB;AE-PO;AM-BE
mip-K-56;mip-K-56-8;K-RF;AE-KO;AM-K
mip-K-57;mip-K-57-1;K-RP;AE-RO;AM-S
mip-K-57;mip-K-57-2;K-RP;AE-RO;AM-S
mip-K-57;mip-K-57-3;K-RP;AE-RO;AM-S
mip-K-57;mip-K-57-4;K-RP;AE-RO;AM-S
mip-K-57;mip-K-57-5;K-RP;AE-RO;AM-S
mip-K-58;mip-K-58-1;K-RP;AE-RO;AM-HB
mip-K-58;mip-K-58-2;K-RP;AE-RO;AM-HB
mip-K-58;mip-K-58-3;K-RP;AE-RO;AM-K
mip-K-58;mip-K-58-4;K-RP;AE-RO;AM-HB
mip-K-58;mip-K-58-5;K-RP;AE-RO;AM-I
mip-K-58;mip-K-58-6;K-RP;AE-RO;AM-HB
mip-K-59;mip-K-59-1;K-RB;AE-PO;AM-I
mip-K-59;mip-K-59-2;K-RP;AE-RO;AM-I
mip-K-59;mip-K-59-3;K-RP;AE-RO;AM-I
mip-K-59;mip-K-59-4;K-RP;AE-RO;AM-I
mip-K-59;mip-K-59-5;K-RP;AE-RO;AM-I
mip-K-59;mip-K-59-6;K-RP;AE-RO;AM-I
mip-K-60;mip-K-60-1;K-RF;AE-KO;AM-K
mip-K-60;mip-K-60-2;K-RP;AE-KO;AM-K
mip-K-60;mip-K-60-3;K-RP;AE-KO;AM-K
mip-K-60;mip-K-60-4;K-RF;AE-KO;AM-K
mip-K-60;mip-K-60-5;K-RP;AE-KO;AM-K
mip-K-60;mip-K-60-6;K-RP;AE-KO;-
mip-K-60;mip-K-60-7;K-RP;AE-KO;-
mip-K-60;mip-K-60-8;K-RF;AE-KO;AM-K
mip-K-60;mip-K-60-9;K-RP;AE-KO;AM-K
mip-K-60;mip-K-60-10;K-RP;AE-RO;AM-HB
mip-K-60;mip-K-60-11;K-RF;AE-RO;AM-HB
mip-K-61;mip-K-61-1;K-RF;AE-KO;AM-K
mip-K-61;mip-K-61-2;K-RP;AE-KO;AM-K
mip-K-61;mip-K-61-3;K-RP;AE-RO;AM-HB
mip-K-61;mip-K-61-4;K-RF;AE-RO;AM-HB
mip-K-61;mip-K-61-5;K-RP;AE-RO;AM-HB
mip-K-61;mip-K-61-6;K-RP;AE-RO;AM-HB
mip-K-61;mip-K-61-7;K-RP;AE-RO;AM-HB
mip-K-61;mip-K-61-8;K-RF;AE-RO;AM-HB
mip-K-61;mip-K-61-9;K-RF;AE-KO;AM-K
mip-K-61;mip-K-61-10;K-RP;AE-RO;AM-K
mip-K-61;mip-K-61-11;K-RP;AE-RO;AM-HB
mip-K-61;mip-K-61-12;K-RP;AE-RO;AM-K
mip-K-61;mip-K-61-13;K-RP;AE-RO;AM-HB
mip-K-62;mip-K-62-1;K-RF;AE-KO;AM-K
mip-K-62;mip-K-62-2;K-RP;AE-RO;AM-HB
mip-K-62;mip-K-62-3;K-RP;AE-RO;AM-HB
mip-K-62;mip-K-62-4;K-RF;AE-KO;AM-K
mip-K-62;mip-K-62-5;K-RB;AE-PO;AM-I
mip-K-62;mip-K-62-6;K-RB;AE-RO;AM-HB
mip-K-62;mip-K-62-7;K-RB;AE-PO;AM-BE
mip-K-63;mip-K-63-1;K-RP;AE-RO;AM-K
mip-K-63;mip-K-63-2;K-RP;AE-RO;AM-HB
mip-K-63;mip-K-63-3;K-RP;AE-RO;AM-HB
mip-K-64;mip-K-64-1;K-RP;AE-RO;AM-I
mip-K-64;mip-K-64-2;K-RP;AE-RO;AM-HB
mip-K-64;mip-K-64-3;K-RP;AE-RO;AM-I
mip-K-64;mip-K-64-4;K-RP;AE-RO;AM-I
mip-K-64;mip-K-64-5;K-RP;AE-RO;AM-HB
mip-K-64;mip-K-64-6;K-RP;AE-RO;AM-I
mip-K-64;mip-K-64-7;K-RP;AE-RO;AM-I
mip-K-65;mip-K-65-1;K-RP;AE-RO;AM-I, AM-HB
mip-K-65;mip-K-65-2;K-RF;AE-RO;AM-HB
mip-K-65;mip-K-65-3;K-RB, K-RP;AE-PO, AE-RO;AM-M, AM-I, AM-HB
mip-K-65;mip-K-65-4;K-RP;AE-RO;AM-HB, AM-S
mip-K-65;mip-K-65-5;K-RP;AE-KO;AM-LN
mip-K-65;mip-K-65-6;-;AE-KO;AM-LN
mip-K-65;mip-K-65-7;-;AE-KO;AM-LN
mip-K-65;mip-K-65-8;K-RP;AE-RO;AM-HB, AM-S
mip-K-65;mip-K-65-9;K-RF;AE-RO;AM-HB
mip-K-65;mip-K-65-10;K-RP;AE-RO;AM-I
mip-K-65;mip-K-65-11;K-RP;AE-RO;AM-HB
mip-K-65;mip-K-65-12;K-RP;AE-RO;AM-LN
mip-K-65;mip-K-65-13;K-RP;AE-RO;AM-HB, AM-S
mip-K-65;mip-K-65-14;-;-;AM-LN
mip-K-65;mip-K-65-15;K-RP;AE-RO;AM-S, AM-I
mip-K-66;mip-K-66-1;K-RP;AE-RO;AM-B
mip-K-66;mip-K-66-2;K-RP;AE-RO;AM-B
mip-K-66;mip-K-66-3;K-RP;AE-RO;AM-B
mip-K-66;mip-K-66-4;K-RB;AE-RO;AM-B
mip-K-67;mip-K-67-1;K-RP;AE-RO;-
mip-K-67;mip-K-67-2;K-RF;-;AM-K
mip-K-67;mip-K-67-3;K-RP;AE-KO;AM-K
mip-K-67;mip-K-67-4;K-RP;AE-RO;AM-HB
mip-K-67;mip-K-67-5;K-RP;AE-RO;AM-HB
mip-K-67;mip-K-67-6;K-RP;AE-RO;AM-I
mip-K-67;mip-K-67-7;K-RP;AE-RO;AM-HB
mip-K-68;mip-K-68-1;K-RP;AE-RO;AM-HB
mip-K-68;mip-K-68-2;K-RB;AE-RO;AM-B, AM-I
mip-K-68;mip-K-68-3;K-RP;AE-RO;AM-HB, AM-LN
mip-K-68;mip-K-68-4;K-RP;AE-KO;AM-LN
mip-K-68;mip-K-68-5;K-RP;AE-RO;AM-I
mip-K-68;mip-K-68-6;K-RB;AE-PO;AM-BE
mip-K-69;mip-K-69-1;K-RF;AE-RO;AM-HB
mip-K-69;mip-K-69-2;K-RP;AE-RO;AM-HB
mip-K-69;mip-K-69-3;K-RP;AE-RO;AM-S
mip-K-69;mip-K-69-4;K-RP;AE-RO;AM-S
mip-K-69;mip-K-69-5;K-RP;AE-RO;AM-S
mip-K-69;mip-K-69-6;K-RP;AE-RO;AM-S
mip-K-69;mip-K-69-7;K-RP;AE-RO;AM-I
mip-K-69;mip-K-69-8;K-RB;-;AM-K
mip-K-69;mip-K-69-9;K-RF;-;AM-K
mip-K-69;mip-K-69-10;K-RB;-;AM-K
mip-K-69;mip-K-69-11;K-RB;AE-PO;AM-BE
mip-K-69;mip-K-69-12;K-RB;AE-PO;AM-I
mip-K-70;mip-K-70-1;K-RP;AE-RO;AM-HB
mip-K-70;mip-K-70-2;K-RP;AE-RO;AM-I
mip-K-70;mip-K-70-3;K-RP;AE-RO;AM-I
mip-K-70;mip-K-70-4;K-RP;AE-RO;AM-I
mip-K-70;mip-K-70-5;K-RP;AE-RO;AM-I
mip-K-70;mip-K-70-6;K-RP;AE-RO;AM-I
mip-K-70;mip-K-70-7;K-RP;AE-RO;AM-I
mip-K-70;mip-K-70-8;K-RP;AE-RO;AM-I
mip-K-71;mip-K-71-1;-;AE-KO;AM-K
mip-K-71;mip-K-71-2;-;AE-KO;AM-K
mip-K-71;mip-K-71-3;K-RP;AE-KO;AM-K
mip-K-71;mip-K-71-4;-;AE-KO;AM-K
mip-K-71;mip-K-71-5;-;AE-KO;AM-K
mip-K-71;mip-K-71-6;K-RP;AE-KO;AM-K
mip-K-72;mip-K-72-1;-;AE-KO;AM-K
mip-K-72;mip-K-72-2;K-RP;AE-KO;AM-K
mip-K-72;mip-K-72-3;K-RF;AE-KO;AM-K
mip-K-72;mip-K-72-4;K-RP;AE-KO;AM-K
mip-K-72;mip-K-72-5;-;AE-KO;AM-K
mip-K-72;mip-K-72-6;K-RP;AE-KO;AM-K
mip-K-72;mip-K-72-7;K-RP;AE-RO;AM-HB
mip-K-72;mip-K-72-8;K-RF;AE-RO;AM-HB
mip-K-72;mip-K-72-9;K-RP;AE-RO;AM-HB
mip-K-72;mip-K-72-10;K-RP;AE-RO;AM-HB
mip-K-72;mip-K-72-11;K-RP;AE-RO;AM-HB
mip-K-72;mip-K-72-12;K-RP;AE-KO;AM-K
mip-K-72;mip-K-72-13;K-RP;AE-KO;AM-K
mip-K-72;mip-K-72-14;K-RP;AE-KO;AM-K
mip-K-72;mip-K-72-15;K-RP;AE-KO;AM-K
mip-K-73;mip-K-73-1;K-RP;AE-KO;AM-K
mip-K-73;mip-K-73-2;-;AE-KO;AM-K
mip-K-73;mip-K-73-3;K-RP;AE-RO;AM-HB
mip-K-73;mip-K-73-4;K-RP;AE-KO;AM-K
mip-K-73;mip-K-73-5;K-RB;AE-KO;AM-K
mip-K-74;mip-K-74-1;K-RP;AE-RO;AM-S
mip-K-74;mip-K-74-2;K-RP;AE-KO;AM-K
mip-K-74;mip-K-74-3;K-RF;AE-KO;AM-K
mip-K-74;mip-K-74-4;K-RP;AE-KO;AM-K
mip-K-74;mip-K-74-5;K-RP;AE-RO;AM-HB
mip-K-75;mip-K-75-1;K-RP;AE-RO;AM-S
mip-K-75;mip-K-75-2;K-RP;AE-RO;AM-S
mip-K-75;mip-K-75-3;K-RP;AE-RO;AM-S
mip-K-75;mip-K-75-4;K-RP;AE-RO;AM-S
mip-K-75;mip-K-75-5;K-RP;AE-RO;AM-I
mip-K-75;mip-K-75-6;K-RP;AE-RO;AM-I
mip-K-76;mip-K-76-1;-;AE-KO;AM-LN
mip-K-76;mip-K-76-2;-;AE-KO;AM-LN
mip-K-76;mip-K-76-3;K-RP;AE-RO;AM-HB
mip-K-76;mip-K-76-4;-;-;AM-LN
mip-K-76;mip-K-76-5;K-RF;-;AM-K
mip-K-77;mip-K-77-1;K-RP;AE-RO;AM-I
mip-K-77;mip-K-77-2;K-RP;AE-RO;AM-I
mip-K-77;mip-K-77-3;K-RP;AE-RO;AM-I
mip-K-78;mip-K-78-1;K-RF;AE-KO;AM-K
mip-K-78;mip-K-78-2;K-RP;AE-RO;AM-S
mip-K-78;mip-K-78-3;K-RP;AE-RO;AM-S
mip-K-78;mip-K-78-4;K-RP;AE-RO;AM-S
mip-K-79;mip-K-79-1;K-RF;AE-KO;AM-K
mip-K-79;mip-K-79-2;K-RP;AE-KO;AM-K
mip-K-79;mip-K-79-3;K-RP;AE-KO;AM-K
mip-K-79;mip-K-79-4;K-RP;AE-KO;AM-K
mip-K-79;mip-K-79-5;K-RP;AE-RO;AM-HB
mip-K-79;mip-K-79-6;K-RP;AE-RO;AM-HB
mip-K-79;mip-K-79-7;K-RP;AE-RO;AM-S
mip-K-80;mip-K-80-1;K-RP;AE-RO;AM-I
mip-K-80;mip-K-80-2;K-RP;AE-RO;AM-S
mip-K-80;mip-K-80-3;K-RP;AE-RO;AM-S
mip-K-80;mip-K-80-4;K-RP;AE-RO;AM-I
mip-K-80;mip-K-80-5;K-RP;AE-RO;AM-I
mip-K-80;mip-K-80-6;K-RP;AE-KO;AM-K
mip-K-80;mip-K-80-7;K-RF;AE-KO;AM-K
mip-K-80;mip-K-80-8;K-RP;AE-KO;AM-K
mip-K-80;mip-K-80-9;K-RF;AE-KO;AM-K
mip-K-81;mip-K-81-1;K-RB;AE-PO;AM-BE, AM-I
mip-K-81;mip-K-81-2;K-RP;AE-RO;AM-HB
mip-K-81;mip-K-81-3;K-RF;AE-KO;AM-K
mip-K-81;mip-K-81-4;K-RB;AE-PO;AM-BE, AM-I
mip-K-81;mip-K-81-5;K-RP;AE-RO;AM-HB
mip-K-81;mip-K-81-6;K-RF;AE-KO;AM-K
mip-K-82;mip-K-82-1;K-RP;AE-RO;AM-B
mip-K-82;mip-K-82-2;K-RP;AE-RO;AM-HB
mip-K-82;mip-K-82-3;K-RP;AE-RO;AM-B
mip-K-82;mip-K-82-4;K-RP;AE-RO;AM-B
mip-K-83;mip-K-83-1;K-RP;AE-RO;AM-HB
mip-K-83;mip-K-83-2;K-RP;AE-RO;AM-I
mip-K-83;mip-K-83-3;K-RP;AE-RO;AM-S
mip-K-84;mip-K-84-1;K-RF;AE-KO;AM-K
mip-K-84;mip-K-84-2;K-RP;AE-KO;AM-K
mip-K-84;mip-K-84-3;K-RP;AE-RO;AM-HB
mip-K-84;mip-K-84-4;K-RP;AE-KO;AM-K
mip-K-84;mip-K-84-5;K-RP;AE-KO;AM-K
mip-K-84;mip-K-84-6;K-RF;AE-KO;AM-K
mip-K-84;mip-K-84-7;K-RP;AE-KO;AM-K
mip-K-84;mip-K-84-8;-;AE-KO;AM-K
mip-K-85;mip-K-85-1;K-RP;AE-KO;AM-K
mip-K-85;mip-K-85-2;K-RP;AE-KO;AM-K
mip-K-85;mip-K-85-3;K-RP;AE-RO;AM-HB
mip-K-85;mip-K-85-4;K-RP;AE-RO;AM-HB
mip-K-85;mip-K-85-5;K-RP;AE-RO;AM-I
mip-K-85;mip-K-85-6;K-RF;AE-KO;AM-K
mip-K-85;mip-K-85-7;K-RP;AE-KO;AM-K
mip-K-85;mip-K-85-8;K-RP;AE-RO;AM-HB
mip-K-85;mip-K-85-9;K-RP;AE-RO;AM-I
mip-K-85;mip-K-85-10;K-RP;AE-RO;AM-HB
mip-K-85;mip-K-85-11;K-RF;AE-RO;AM-HB
mip-K-85;mip-K-85-12;K-RP;AE-KO;AM-K
mip-K-85;mip-K-85-13;K-RF;AE-KO;AM-K
mip-K-85;mip-K-85-14;K-RP;AE-RO;AM-HB
mip-K-85;mip-K-85-15;K-RP;AE-RO;AM-HB
mip-K-85;mip-K-85-16;K-RF;AE-RO;AM-HB
mip-K-85;mip-K-85-17;K-RP;AE-RO;AM-HB
mip-K-85;mip-K-85-18;K-RP;AE-RO;AM-HB
mip-K-85;mip-K-85-19;K-RP;AE-RO;AM-HB
mip-K-85;mip-K-85-20;K-RF;AE-RO;AM-HB
mip-K-85;mip-K-85-21;K-RB;AE-PO;AM-BE, AM-I
mip-K-86;mip-K-86-1;-;AE-KO;AM-K
mip-K-86;mip-K-86-2;K-RP;AE-RO;AM-HB
mip-K-86;mip-K-86-3;K-RP;AE-KO;AM-K
mip-K-86;mip-K-86-4;K-RP;AE-KO;AM-K
mip-K-86;mip-K-86-5;K-RF;AE-KO;AM-K
mip-K-86;mip-K-86-6;K-RP;AE-RO;AM-HB
mip-K-87;mip-K-87-1;K-RP;AE-RO;AM-K
mip-K-87;mip-K-87-2;K-RF;AE-KO;AM-K
mip-K-87;mip-K-87-3;K-RP;AE-KO;AM-K
mip-K-87;mip-K-87-4;K-RP;AE-KO;AM-K
mip-K-87;mip-K-87-5;-;AE-KO;AM-K
mip-K-87;mip-K-87-6;K-RP;AE-RO;AM-HB
mip-K-87;mip-K-87-7;K-RF;AE-KO;AM-K
mip-K-87;mip-K-87-8;K-RF;AE-KO;AM-K
mip-K-88;mip-K-88-1;K-RP;AE-KO;AM-K
mip-K-88;mip-K-88-2;K-RP;AE-KO;AM-K
mip-K-88;mip-K-88-3;K-RF;AE-KO;AM-K
mip-K-88;mip-K-88-4;K-RP;AE-KO;AM-K
mip-K-88;mip-K-88-5;K-RP;AE-KO;AM-K
mip-K-88;mip-K-88-6;K-RF;AE-KO;AM-K
mip-K-88;mip-K-88-7;K-RP;AE-RO;AM-HB
mip-K-88;mip-K-88-8;K-RP;AE-RO;AM-HB
mip-K-88;mip-K-88-9;K-RF;AE-KO;AM-K
mip-K-88;mip-K-88-10;K-RP;AE-RO;AM-HB
mip-K-88;mip-K-88-11;K-RP;AE-RO;AM-HB
mip-K-88;mip-K-88-12;K-RP;AE-KO;AM-K
mip-K-88;mip-K-88-13;K-RP;AE-KO;AM-K
mip-K-88;mip-K-88-14;K-RP;AE-KO;AM-K
mip-K-88;mip-K-88-15;K-RP;AE-KO;AM-K
mip-K-88;mip-K-88-16;K-RP;AE-KO;AM-K
mip-K-88;mip-K-88-17;K-RF;AE-KO;AM-K
mip-K-88;mip-K-88-18;K-RP;AE-KO;AM-K
mip-K-88;mip-K-88-19;K-RP;AE-KO;AM-K
mip-K-88;mip-K-88-20;K-RF;AE-KO;AM-K
mip-K-89;mip-K-89-1;K-RP;AE-RO;AM-I
mip-K-89;mip-K-89-2;K-RP;AE-RO;AM-I
mip-K-89;mip-K-89-3;K-RP;AE-RO;AM-I
mip-K-89;mip-K-89-4;K-RP;AE-RO;AM-S
mip-K-89;mip-K-89-5;K-RP;AE-RO;AM-S, AM-I
mip-K-90;mip-K-90-1;K-RP;AE-RO;AM-HB
mip-K-90;mip-K-90-2;K-RP;AE-RO;AM-I
mip-K-90;mip-K-90-3;K-RP;AE-RO;AM-I
mip-K-90;mip-K-90-4;K-RP;AE-RO;AM-S
mip-K-90;mip-K-90-5;K-RP;AE-RO;AM-S, AM-I
mip-K-90;mip-K-90-6;K-RB;AE-PO;AM-BE, AM-S
mip-K-91;mip-K-91-1;K-RP;AE-KO;AM-K
mip-K-91;mip-K-91-2;K-RP;AE-RO;AM-HB
mip-K-91;mip-K-91-3;K-RF;AE-KO;AM-K
mip-K-91;mip-K-91-4;K-RP;AE-KO;AM-K
mip-K-91;mip-K-91-5;K-RP;AE-KO;AM-K
mip-K-91;mip-K-91-6;K-RP;AE-RO;AM-HB
mip-K-91;mip-K-91-7;K-RF;AE-KO;AM-K
mip-K-91;mip-K-91-8;K-RP;AE-RO;AM-HB, AM-I
mip-K-91;mip-K-91-9;K-RP;AE-RO;AM-LN
mip-K-91;mip-K-91-10;K-RP;AE-RO;AM-HB, AM-I
mip-K-91;mip-K-91-11;K-RP;AE-RO;AM-HB
mip-K-91;mip-K-91-12;K-RP;AE-RO;AM-HB
mip-K-91;mip-K-91-13;K-RP;AE-RO;AM-HB
mip-K-91;mip-K-91-14;K-RF;AE-RO;AM-HB
mip-K-92;mip-L-92-1;K-RP;AE-RO;AM-S
mip-K-92;mip-L-92-2;K-RP;AE-RO;AM-S
mip-K-92;mip-L-92-3;K-RP;AE-RO;AM-S
mip-K-92;mip-L-92-4;K-RP;AE-RO;AM-I
mip-K-93;mip-K-93-1;K-RP;AE-RO;AM-HB
mip-K-93;mip-K-93-2;K-RP;AE-RO;AM-I, AM-HB
mip-K-93;mip-K-93-3;K-RP;AE-RO;AM-I, AM-HB
mip-K-93;mip-K-93-4;K-RP;AE-RO;AM-HB
mip-K-93;mip-K-93-5;K-RB;AE-RO;AM-I
mip-K-93;mip-K-93-6;K-RP;AE-RO;AM-I, AM-HB
mip-K-93;mip-K-93-7;K-RB;AE-PO;AM-BE, AM-I
mip-K-93;mip-K-93-8;K-RB;AE-PO;AM-LN
mip-K-93;mip-K-93-9;K-RB;AE-PO;AM-I
mip-K-93;mip-K-93-10;K-RP;AE-RO;AM-HB, AM-S
mip-K-93;mip-K-93-11;-;AE-KO;AM-LN
mip-K-93;mip-K-93-12;-;AE-KO;AM-K
mip-K-93;mip-K-93-13;K-RP;AE-RO;AM-HB
mip-K-93;mip-K-93-14;K-RP;AE-RO;AM-I, AM-HB
mip-K-93;mip-K-93-15;K-RP;AE-RO;AM-S
mip-K-93;mip-K-93-16;K-RP;AE-RO;AM-HB
mip-K-93;mip-K-93-17;K-RP;AE-RO;AM-HB
mip-K-93;mip-K-93-18;K-RP;AE-RO;AM-LN
mip-K-93;mip-K-93-19;K-RP;AE-RO;AM-I, AM-HB
mip-K-94;mip-K-94-1;K-RP;AE-RO;AM-HB
mip-K-94;mip-K-94-2;K-RP;AE-RO;AM-I
mip-K-94;mip-K-94-3;K-RP;AE-RO;AM-I
mip-K-94;mip-K-94-4;K-RB;AE-PO;AM-BE
mip-K-95;mip-K-95-1;K-RP;AE-KO;AM-K
mip-K-95;mip-K-95-2;K-RB;AE-PO;AM-BE
mip-K-95;mip-K-95-3;K-RP;AE-PO;AM-BE
mip-K-95;mip-K-95-4;K-RF;AE-KO;AM-K
mip-K-95;mip-K-95-5;K-RB;AE-PO;AM-BE
mip-K-95;mip-K-95-6;K-RB;AE-PO;AM-BE
mip-K-95;mip-K-95-7;K-RF;AE-KO;AM-K
mip-K-95;mip-K-95-8;K-RP;AE-KO;AM-K
mip-K-96;mip-K-96-1;K-RP;AE-KO;AM-K
mip-K-96;mip-K-96-2;K-RP;AE-KO;AM-K
mip-K-96;mip-K-96-3;-;AE-KO;AM-K
mip-K-96;mip-K-96-4;K-RF;AE-KO;AM-K
mip-K-96;mip-K-96-5;K-RP;AE-RO;AM-I
mip-K-96;mip-K-96-6;K-RP;AE-RO;AM-HB
mip-K-96;mip-K-96-7;K-RP;AE-RO;AM-HB
mip-K-96;mip-K-96-8;K-RB;AE-RO;AM-K
mip-K-96;mip-K-96-9;K-RF;-;AM-K
mip-K-97;mip-K-97-1;K-RP;AE-KO;AM-K
mip-K-97;mip-K-97-2;K-RP;AE-KO;AM-LN
mip-K-97;mip-K-97-3;K-RP;AE-RO;AM-HB
mip-K-97;mip-K-97-4;K-RP;AE-RO;AM-HB
mip-K-97;mip-K-97-5;K-RP;AE-RO;AM-HB
mip-K-97;mip-K-97-6;K-RP;AE-RO;AM-HB
mip-K-98;mip-K-98-1;K-RP;AE-KO;AM-K
mip-K-98;mip-K-98-2;K-RB;AE-RO;AM-HB, AM-B
mip-K-98;mip-K-98-3;K-RB;AE-RO;AM-B
mip-K-99;mip-K-99-1;K-RP;AE-RO;AM-B
mip-K-99;mip-K-99-2;K-RP;AE-RO;AM-B
mip-K-99;mip-K-99-3;K-RP;AE-RO;AM-B
mip-K-99;mip-K-99-4;-;AE-RO;AM-B
mip-K-100;mip-K-100-1;K-RP;AE-RO;AM-HB, AM-B
mip-K-100;mip-K-100-2;K-RP;AE-RO;AM-HB, AM-B
mip-K-100;mip-K-100-3;K-RP;AE-RO;AM-B
mub-K-1;mub-K-1-1;K-RP;AE-RO;AM-S
mub-K-1;mub-K-1-2;K-RP;AE-RO;AM-I
mub-K-1;mub-K-1-3;K-RP;AE-KO;AM-K
mub-K-2;mub-K-2-1;K-RP;AE-RO;AM-I
mub-K-2;mub-K-2-2;K-RB;AE-PO;AM-BE, AM-I
mub-K-2;mub-K-2-3;-;-;-
mub-K-2;mub-K-2-4;K-RB;AE-PO;AM-BE, AM-I
mub-K-2;mub-K-2-5;K-RB;AE-PO;AM-BE, AM-I
mub-K-2;mub-K-2-6;K-RB;AE-PO;AM-BE, AM-I
mub-K-2;mub-K-2-7;K-RB;AE-PO;AM-I
mub-K-2;mub-K-2-8;K-RP;AE-RO;AM-HB
mub-K-3;mub-K-3-1;K-RP;AE-RO;AM-HB
mub-K-3;mub-K-3-2;K-RP;AE-RO;AM-I
mub-K-3;mub-K-3-3;K-RB;AE-PO;AM-K
mub-K-3;mub-K-3-4;K-RP;AE-RO;AM-B
mub-K-3;mub-K-3-5;K-RB;AE-RO;AM-B
mub-K-3;mub-K-3-6;K-RF;-;-
mub-K-4;mub-K-4-1;K-RP;AE-KO;AM-K
mub-K-4;mub-K-4-2;K-RB;AE-KO;AM-K
mub-K-4;mub-K-4-3;K-RF;-;-
mub-K-5;mub-K-5-1;K-RP;AE-KO;AM-K
mub-K-5;mub-K-5-2;K-RP;AE-KO;AM-K
mub-K-5;mub-K-5-3;K-RP;AE-KO;AM-K
mub-K-5;mub-K-5-4;K-RP;AE-KO;AM-K
mub-K-5;mub-K-5-5;K-RP;AE-KO;AM-K
mub-K-5;mub-K-5-6;K-RP;AE-KO;AM-K
mub-K-6;mub-K-6-1;K-RP;AE-RO;AM-S
mub-K-6;mub-K-6-2;K-RF;AE-KO;AM-K
mub-K-6;mub-K-6-3;K-RP;AE-RO;AM-S
mub-K-6;mub-K-6-4;K-RF;AE-KO;AM-K
mub-K-6;mub-K-6-5;K-RF;AE-KO;AM-K
mub-K-6;mub-K-6-6;K-RF;AE-KO;AM-K
mub-K-7;mub-K-7-1;K-RP;AE-RO;AM-I
mub-K-7;mub-K-7-2;K-RP;AE-RO;AM-I
mub-K-7;mub-K-7-3;K-RP;AE-RO;AM-I
mub-K-8;mub-K-8-1;K-RP;AE-RO;AM-I
mub-K-8;mub-K-8-2;K-RP;AE-RO;AM-I
mub-K-8;mub-K-8-3;K-RP;AE-RO;AM-I
mub-K-8;mub-K-8-4;K-RP;AE-RO;AM-I
mub-K-9;mub-K-9-1;K-RP;AE-RO;AM-HB
mub-K-9;mub-K-9-2;-;AE-KO;AM-K
mub-K-9;mub-K-9-3;K-RP;AE-KO;AM-K
mub-K-9;mub-K-9-4;-;AE-KO;AM-K
mub-K-9;mub-K-9-5;K-RP;AE-RO;AM-S
mub-K-9;mub-K-9-6;K-RP;AE-RO;AM-I
mub-K-9;mub-K-9-7;K-RP;AE-KO;AM-K
mub-K-9;mub-K-9-8;K-RP;AE-KO;AM-I
mub-K-9;mub-K-9-9;K-RF;AE-KO;AM-K
mub-K-10;mub-K-10-1;K-RP;AE-RO;AM-HB
mub-K-10;mub-K-10-2;K-RB;AE-KO;AM-K
mub-K-10;mub-K-10-3;K-RP;AE-KO;AM-K
mub-K-10;mub-K-10-4;K-RB;AE-PO;AM-BE
mub-K-10;mub-K-10-5;K-RB;AE-PO;AM-BE
mub-K-10;mub-K-10-6;K-RB;AE-PO;AM-BE
mub-K-10;mub-K-10-7;K-RB;AE-PO;AM-S
mub-K-11;mub-K-11-1;K-RP;AE-KO;AM-K
mub-K-11;mub-K-11-2;K-RP;AE-RO;AM-HB
mub-K-11;mub-K-11-3;K-RP;AE-RO;AM-HB
mub-K-11;mub-K-11-4;K-RP;AE-KO;AM-K
mub-K-11;mub-K-11-5;K-RF;AE-KO;AM-K
mub-K-11;mub-K-11-6;K-RF;AE-KO;AM-K
mub-K-11;mub-K-11-7;K-RB;AE-KO;AM-K
mub-K-12;mub-K-12-1;K-RP;AE-RO;AM-HB
mub-K-12;mub-K-12-2;K-RP;AE-RO;AM-HB
mub-K-12;mub-K-12-3;K-RF;AE-RO;AM-HB
mub-K-13;mub-K-13-1;K-RP;AE-RO;AM-LN
mub-K-13;mub-K-13-2;K-RP;AE-RO;AM-HB
mub-K-13;mub-K-13-3;K-RP;AE-RO;AM-HB
mub-K-13;mub-K-13-4;K-RP;AE-RO;AM-S
mub-K-13;mub-K-13-5;K-RP;AE-RO;AM-I
mub-K-13;mub-K-13-6;K-RP;AE-RO;AM-I
mub-K-14;mub-K-14-1;K-RB;AE-PO;AM-I
mub-K-14;mub-K-14-2;K-RB;AE-PO;AM-I
mub-K-14;mub-K-14-3;K-RB;AE-PO;AM-I, AM-M
mub-K-14;mub-K-14-4;K-RB;AE-PO;AM-I
mub-K-14;mub-K-14-5;K-RP;AE-RO;AM-HB
mub-K-14;mub-K-14-6;K-RF;AE-KO;AM-K
mub-K-14;mub-K-14-7;K-RP;AE-KO;AM-K
mub-K-14;mub-K-14-8;K-RB;AE-PO;AM-I
mub-K-14;mub-K-14-9;K-RP;AE-RO;AM-K
mub-K-15;mub-K-15-1;K-RP;AE-RO;AM-HB
mub-K-15;mub-K-15-2;K-RP;AE-RO;AM-HB
mub-K-15;mub-K-15-3;K-RP;AE-RO;AM-LN
mub-K-16;mub-K-16-1;K-RP;AE-KO;AM-K
mub-K-16;mub-K-16-2;K-RP;AE-RO;AM-HB
mub-K-16;mub-K-16-3;K-RF;AE-RO;AM-HB
mub-K-16;mub-K-16-4;K-RF;AE-RO;AM-K
mub-K-16;mub-K-16-5;K-RF;AE-RO;AM-K
mub-K-17;mub-K-17-1;K-RP;AE-RO;AM-S
mub-K-17;mub-K-17-2;K-RP;AE-RO;AM-S
mub-K-17;mub-K-17-3;K-RP;AE-KO;AM-K
mub-K-17;mub-K-17-4;K-RP;AE-KO;AM-K
mub-K-17;mub-K-17-5;K-RF;AE-KO;AM-K
mub-K-17;mub-K-17-6;K-RP;AE-RO;AM-I
mub-K-18;mub-K-18-1;K-RP;AE-KO;AM-K
mub-K-18;mub-K-18-2;K-RP;AE-KO;AM-K
mub-K-18;mub-K-18-3;K-RB;AE-KO;AM-K
mub-K-18;mub-K-18-4;K-RB;AE-PO;AM-BE
mub-K-19;mub-K-19-1;K-RP;-;AM-K
mub-K-19;mub-K-19-2;K-RP;-;AM-K
mub-K-19;mub-K-19-3;K-RB;AE-PO;AM-I
mub-K-19;mub-K-19-4;K-RP;AE-RO;AM-HB
mub-K-20;mub-K-20-1;K-RP;AE-KO;AM-K
mub-K-20;mub-K-20-2;K-RP;AE-RO;AM-I
mub-K-20;mub-K-20-3;K-RP;AE-RO;AM-I
mub-K-20;mub-K-20-4;K-RP;AE-RO;AM-HB
mub-K-20;mub-K-20-5;K-RP;AE-RO;AM-HB
mub-K-21;mub-K-21-1;K-RF;AE-KO;AM-K
mub-K-21;mub-K-21-2;K-RB;AE-PO;AM-S
mub-K-21;mub-K-21-3;K-RB;AE-PO;AM-S
mub-K-21;mub-K-21-4;K-RP;AE-KO;AM-K
mub-K-21;mub-K-21-5;K-RF;AE-KO;AM-HB
mub-K-21;mub-K-21-6;-;AE-KO;AM-K
mub-K-22;mub-K-22-1;K-RP;AE-KO;AM-K
mub-K-22;mub-K-22-2;K-RP;AE-KO;AM-K
mub-K-22;mub-K-22-3;K-RB;AE-PO;AM-BE
mub-K-23;mub-K-23-1;K-RP;AE-RO;AM-I
mub-K-23;mub-K-23-2;K-RP;AE-RO;AM-I
mub-K-23;mub-K-23-3;K-RP;AE-RO;AM-I
mub-K-24;mub-K-24-1;K-RP;AE-RO;AM-HB
mub-K-24;mub-K-24-2;K-RP;AE-KO;AM-K
mub-K-24;mub-K-24-3;K-RF;AE-KO;AM-K
mub-K-24;mub-K-24-4;K-RP;AE-KO;AM-K
mub-K-24;mub-K-24-5;K-RP;AE-KO;AM-K
mub-K-24;mub-K-24-6;K-RP;AE-RO;AM-HB
mub-K-24;mub-K-24-7;K-RP;AE-RO;AM-BE
mub-K-24;mub-K-24-8;K-RP;AE-RO;AM-HB
mub-K-24;mub-K-24-9;K-RP;AE-KO;AM-K
mub-K-24;mub-K-24-10;K-RP;AE-RO;AM-HB
mub-K-24;mub-K-24-11;K-RP;AE-RO;AM-HB
mub-K-24;mub-K-24-12;K-RP;AE-KO;AM-K
mub-K-24;mub-K-24-13;K-RP;AE-KO;AM-K
mub-K-24;mub-K-24-14;K-RF;AE-KO;AM-K
mub-K-25;mub-K-25-1;K-RP;AE-KO;AM-K
mub-K-25;mub-K-25-2;K-RF;AE-KO;AM-HB
mub-K-25;mub-K-25-3;K-RP;AE-RO;AM-HB
mub-K-25;mub-K-25-4;K-RP;AE-RO;AM-I
mub-K-25;mub-K-25-5;K-RP;AE-KO;AM-K
mub-K-25;mub-K-25-6;K-RP;AE-KO;AM-K
mub-K-25;mub-K-25-7;K-RP;AE-RO;AM-I
mub-K-26;mub-K-26-1;K-RP;AE-RO;AM-B
mub-K-26;mub-K-26-2;K-RP;AE-RO;AM-S, AM-I
mub-K-26;mub-K-26-3;K-RP;AE-RO;AM-S, AM-I, AM-B
mub-K-27;mub-K-27-1;K-RF;AE-KO;AM-K
mub-K-27;mub-K-27-2;K-RP;AE-RO;AM-HB
mub-K-27;mub-K-27-3;K-RP;AE-KO;AM-K
mub-K-27;mub-K-27-4;K-RP;AE-RO;AM-HB
mub-K-27;mub-K-27-5;K-RP;AE-KO;AM-K
mub-K-27;mub-K-27-6;K-RF;AE-KO;AM-K
mub-K-28;mub-K-28-1;K-RP;AE-RO;AM-S
mub-K-28;mub-K-28-2;K-RP;AE-RO;AM-I
mub-K-29;mub-K-29-1;K-RP;AE-RO;AM-S
mub-K-29;mub-K-29-2;K-RP;AE-RO;AM-I
mub-K-29;mub-K-29-3;-;AE-KO;AM-K
mub-K-29;mub-K-29-4;K-RP;AE-KO;AM-K
mub-K-29;mub-K-29-5;K-RP;AE-RO;AM-HB
mub-K-29;mub-K-29-6;K-RB;AE-PO;AM-BE
mub-K-29;mub-K-29-7;K-RB;AE-PO;AM-I
mub-K-30;mub-K-30-1;K-RP;AE-RO;AM-HB
mub-K-30;mub-K-30-2;K-RP;AE-KO;AM-K
mub-K-30;mub-K-30-3;K-RP;AE-KO;AM-K
mub-K-30;mub-K-30-4;K-RP;AE-RO;AM-HB
mub-K-30;mub-K-30-5;K-RP;AE-KO;AM-K
mub-K-30;mub-K-30-6;K-RP;AE-KO;AM-K
mub-K-30;mub-K-30-7;K-RP;AE-KO;AM-K
mub-K-31;mub-K-31-1;K-RP;-;AM-B
mub-K-31;mub-K-31-2;K-RB;-;AM-B
mub-K-31;mub-K-31-3;K-RP;AE-RO;AM-HB
mub-K-31;mub-K-31-4;K-RB;AE-RO;AM-B
mub-K-32;mub-K-32-1;K-RP;AE-RO;AM-B
mub-K-32;mub-K-32-2;K-RP;AE-RO;AM-S
mub-K-32;mub-K-32-3;K-RP;AE-RO;AM-S
mub-K-32;mub-K-32-4;K-RP;AE-RO;AM-B
mub-K-33;mub-K-33-1;K-RP;AE-RO;AM-B
mub-K-33;mub-K-33-2;K-RB;AE-RO;AM-B
mub-K-33;mub-K-33-3;K-RP;AE-RO;AM-B
mub-K-34;mub-K-34-1;K-RP;AE-RO;AM-I
mub-K-34;mub-K-34-2;K-RP;AE-RO;AM-I
mub-K-34;mub-K-34-3;K-RP;AE-RO;AM-I, AM-M
mub-K-34;mub-K-34-4;K-RP;AE-RO;AM-I
mub-K-34;mub-K-34-5;K-RP;AE-RO;AM-I
mub-K-34;mub-K-34-6;K-RB;AE-PO;AM-BE
mub-K-34;mub-K-34-7;K-RB;AE-PO;AM-BE, AM-I
mub-K-35;mub-K-35-1;K-RP;AE-KO;AM-K
mub-K-35;mub-K-35-2;K-RP;AE-KO;AM-K
mub-K-35;mub-K-35-3;K-RP;AE-KO;AM-K
mub-K-35;mub-K-35-4;K-RP;AE-RO;AM-S
mub-K-35;mub-K-35-5;K-RP;AE-RO;AM-K
mub-K-35;mub-K-35-6;K-RP;AE-KO;AM-K
mub-K-35;mub-K-35-7;K-RP;AE-RO;AM-S
mub-K-35;mub-K-35-8;K-RP;AE-RO;AM-I
mub-K-36;mub-K-36-1;K-RP;AE-RO;AM-HB
mub-K-36;mub-K-36-2;K-RP;AE-RO;AM-HB
mub-K-36;mub-K-36-3;K-RP;AE-RO;AM-HB
mub-K-36;mub-K-36-4;K-RP;AE-RO;AM-I
mub-K-36;mub-K-36-5;K-RB;AE-PO;AM-I, AM-M
mub-K-36;mub-K-36-6;K-RP;AE-KO;AM-K
mub-K-36;mub-K-36-7;K-RB;AE-PO;AM-BE, AM-I
mub-K-36;mub-K-36-8;K-RB;AE-PO;AM-BE
mub-K-36;mub-K-36-9;K-RB;AE-PO;AM-I
mub-K-37;mub-K-37-1;K-RP;AE-KO;AM-K
mub-K-37;mub-K-37-2;K-RP;AE-KO;AM-K
mub-K-37;mub-K-37-3;K-RP;AE-RO;AM-HB
mub-K-37;mub-K-37-4;K-RB;AE-PO;AM-BE
mub-K-37;mub-K-37-5;K-RP;AE-KO;AM-K
mub-K-38;mub-K-38-1;K-RP;AE-RO;AM-I
mub-K-38;mub-K-38-2;K-RB;AE-PO;AM-I, AM-BE
mub-K-38;mub-K-38-3;K-RP;AE-RO;AM-B
mub-K-38;mub-K-38-4;K-RP;AE-RO;AM-I
mub-K-39;mub-K-39-1;K-RP;AE-RO;AM-HB
mub-K-39;mub-K-39-2;K-RP;AE-RO;AM-HB
mub-K-39;mub-K-39-3;K-RP;AE-RO;AM-B
mub-K-39;mub-K-39-4;-;AE-KO;AM-K
mub-K-39;mub-K-39-5;K-RP;AE-RO;AM-B
mub-K-39;mub-K-39-6;K-RP;AE-RO;AM-B
mub-K-39;mub-K-39-7;K-RB;AE-PO;AM-BE
mub-K-39;mub-K-39-8;K-RP;AE-RO;AM-B
mub-K-40;mub-K-40-1;K-RP;AE-RO;AM-S
mub-K-40;mub-K-40-2;K-RP;AE-RO;AM-I
mub-K-40;mub-K-40-3;K-RP;AE-RO;AM-I
mub-K-40;mub-K-40-4;K-RP;AE-RO;AM-I
mub-K-41;mub-K-41-1;K-RP;AE-RO;AM-HB
mub-K-41;mub-K-41-2;K-RB;AE-RO;AM-I, AM-HB
mub-K-41;mub-K-41-3;K-RP;AE-RO;AM-I
mub-K-41;mub-K-41-4;K-RP;AE-RO;AM-S
mub-K-41;mub-K-41-5;K-RP;AE-RO;AM-I
mub-K-41;mub-K-41-6;K-RP;AE-RO;AM-I
mub-K-42;mub-K-42-1;K-RP;AE-RO;AM-HB
mub-K-42;mub-K-42-2;K-RP;AE-RO;AM-HB
mub-K-42;mub-K-42-3;K-RP;AE-RO;AM-HB
mub-K-42;mub-K-42-4;K-RF;AE-KO;AM-K
mub-K-43;mub-K-43-1;K-RP;AE-RO;AM-LN
mub-K-43;mub-K-43-2;K-RP;AE-RO;AM-LN
mub-K-43;mub-K-43-3;K-RP;AE-RO;AM-HB
mub-K-44;mub-K-44-1;K-RP;AE-RO;AM-HB
mub-K-44;mub-K-44-2;K-RP;AE-KO;AM-K
mub-K-44;mub-K-44-3;K-RP;AE-KO;AM-K
mub-K-44;mub-K-44-4;K-RP;AE-RO;AM-HB
mub-K-44;mub-K-44-5;K-RP;AE-KO;AM-K
mub-K-44;mub-K-44-6;K-RB;AE-KO;AM-K
mub-K-44;mub-K-44-7;K-RP;AE-RO;AM-I
mub-K-44;mub-K-44-8;K-RB;AE-PO;AM-I, AM-BE
mub-K-45;mub-K-45-1;K-RP;AE-RO;AM-S
mub-K-45;mub-K-45-2;K-RP;AE-RO;AM-B
mub-K-45;mub-K-45-3;K-RB;AE-RO;AM-B
mub-K-46;mub-K-46-1;K-RP;AE-RO;AM-I
mub-K-46;mub-K-46-2;K-RP;AE-RO;AM-I
mub-K-47;mub-K-47-1;K-RB;AE-PO;AM-I
mub-K-47;mub-K-47-2;-;AE-KO;AM-K
mub-K-47;mub-K-47-3;K-RP;AE-KO;AM-K
mub-K-47;mub-K-47-4;K-RB;AE-PO;AM-I
mub-K-47;mub-K-47-5;K-RB;AE-PO;AM-I, AM-M
mub-K-47;mub-K-47-6;K-RB;AE-PO;AM-I
mub-K-47;mub-K-47-7;-;AE-KO;AM-K
mub-K-48;mub-K-48-1;K-RP;AE-KO;AM-K
mub-K-48;mub-K-48-2;K-RP;AE-RO;AM-I
mub-K-48;mub-K-48-3;K-RP;AE-KO;AM-K
mub-K-48;mub-K-48-4;K-RB;AE-PO;AM-BE, AM-I
mub-K-49;mub-K-49-1;K-RP;AE-KO;AM-LN
mub-K-49;mub-K-49-2;K-RP;AE-KO;AM-LN
mub-K-49;mub-K-49-3;K-RP;AE-RO;AM-I
mub-K-50;mub-K-50-1;K-RP;AE-RO;AM-HB
mub-K-50;mub-K-50-2;K-RP;AE-RO;AM-HB
mub-K-50;mub-K-50-3;K-RP;AE-KO;AM-K
mub-K-50;mub-K-50-4;K-RP;AE-RO;AM-HB
mub-K-51;mub-K-51-1;K-RF;AE-KO;AM-K
mub-K-51;mub-K-51-2;K-RB;AE-RO;AM-B
mub-K-51;mub-K-51-3;K-RP;AE-RO;AM-S
mub-K-51;mub-K-51-4;K-RP;AE-RO;AM-S, AM-B
mub-K-51;mub-K-51-5;K-RP;AE-KO;AM-K
mub-K-51;mub-K-51-6;K-RP;AE-RO;AM-HB
mub-K-51;mub-K-51-7;K-RP;AE-RO;AM-HB, AM-B
mub-K-51;mub-K-51-8;-;AE-KO;AM-K
mub-K-51;mub-K-51-9;K-RP;AE-RO;AM-HB
mub-K-51;mub-K-51-10;K-RP;AE-RO;AM-I
mub-K-51;mub-K-51-11;K-RB;AE-RO;AM-B
mub-K-51;mub-K-51-12;K-RB;AE-PO;AM-I, AM-M
mub-K-51;mub-K-51-13;K-RB;AE-PO;AM-I, AM-B
mub-K-51;mub-K-51-14;K-RB;AE-PO;AM-I, AM-S, AM-BE
mub-K-52;mub-K-52-1;K-RP;AE-RO;AM-HB
mub-K-52;mub-K-52-2;K-RP;AE-RO;AM-HB
mub-K-52;mub-K-52-3;K-RB;AE-PO;AM-BE
mub-K-52;mub-K-52-4;-;-;-
mub-K-53;mub-K-53-1;K-RP;AE-KO;AM-K
mub-K-53;mub-K-53-2;K-RB;AE-PO;AM-I
mub-K-54;mub-K-54-1;K-RP;AE-RO;AM-S
mub-K-54;mub-K-54-2;K-RP;AE-RO;AM-I
mub-K-54;mub-K-54-3;K-RB;AE-KO;AM-K
mub-K-54;mub-K-54-4;K-RB;AE-PO;AM-S, AM-I
mub-K-55;mub-K-55-1;K-RP;AE-KO;AM-K
mub-K-55;mub-K-55-2;K-RB;AE-PO;AM-BE
mub-K-55;mub-K-55-3;K-RB;AE-PO;AM-BE
mub-K-55;mub-K-55-4;K-RF;AE-KO;AM-K
mub-K-55;mub-K-55-5;K-RB;AE-PO;AM-S, AM-I
muu-K-1;muu-K-1-1;K-RP;AE-RO;AM-S
muu-K-1;muu-K-1-2;K-RP;AE-RO;AM-I
muu-K-1;muu-K-1-3;K-RP;AE-RO;AM-I
muu-K-1;muu-K-1-4;K-RP;AE-RO;AM-I, AM-S
muu-K-2;muu-K-2-1;K-RP;AE-KO;AM-K
muu-K-2;muu-K-2-2;K-RP;AE-KO;AM-K
muu-K-2;muu-K-2-3;K-RP;AE-KO;AM-K
muu-K-3;muu-K-3-1;K-RP;AE-KO;AM-K
muu-K-3;muu-K-3-2;K-RF;AE-KO;AM-K
muu-K-3;muu-K-3-3;K-RP;AE-RO;AM-HB
muu-K-3;muu-K-3-4;K-RF;AE-RO;AM-HB
muu-K-3;muu-K-3-5;-;-;-
muu-K-3;muu-K-3-6;-;-;-
muu-K-3;muu-K-3-7;K-RP;-;-
muu-K-3;muu-K-3-8;-;-;-
muu-K-3;muu-K-3-9;-;-;-
muu-K-3;muu-K-3-10;K-RB;AE-PO;AM-BE
muu-K-4;muu-K-4-1;K-RP;AE-KO;AM-K
muu-K-4;muu-K-4-2;K-RP;AE-KO;AM-K
muu-K-4;muu-K-4-3;K-RP;AE-KO;AM-K
muu-K-4;muu-K-4-4;K-RF;AE-KO;AM-K
muu-K-4;muu-K-4-5;K-RB;AE-PO;AM-BE
muu-K-5;muu-K-5-1;K-RP;AE-RO;AM-HB
muu-K-5;muu-K-5-2;K-RP;AE-RO;AM-HB
muu-K-5;muu-K-5-3;K-RP;AE-RO;AM-HB
muu-K-5;muu-K-5-4;K-RP;AE-RO;AM-HB
muu-K-5;muu-K-5-5;K-RP;AE-RO;AM-HB
muu-K-5;muu-K-5-6;K-RP;AE-RO;AM-HB
muu-K-5;muu-K-5-7;K-RP;AE-RO;AM-HB
muu-K-5;muu-K-5-8;K-RP;AE-RO;AM-HB
muu-K-5;muu-K-5-9;K-RF;AE-KO;AM-K
muu-K-5;muu-K-5-10;K-RP;AE-RO;AM-HB
muu-K-5;muu-K-5-11;K-RP;AE-RO;AM-B
muu-K-5;muu-K-5-12;K-RB;AE-RO;AM-B
muu-K-5;muu-K-5-13;K-RF;AE-KO;AM-K
muu-K-6;muu-K-6-1;K-RP;AE-KO;AM-HB
muu-K-6;muu-K-6-2;K-RF;AE-KO;AM-K
muu-K-6;muu-K-6-3;K-RP;AE-KO;AM-HB
muu-K-6;muu-K-6-4;K-RP;AE-KO;AM-K
muu-K-6;muu-K-6-5;K-RP;AE-KO;AM-K
muu-K-6;muu-K-6-6;K-RP;AE-KO;AM-K
muu-K-6;muu-K-6-7;-;AE-KO;AM-K
muu-K-6;muu-K-6-8;K-RB;AE-KO;AM-K
muu-K-6;muu-K-6-9;K-RB;AE-PO;AM-BE
muu-K-7;muu-K-7-1;K-RF;AE-KO;AM-K
muu-K-7;muu-K-7-2;K-RP;AE-RO;AM-HB
muu-K-7;muu-K-7-3;K-RP;AE-RO;AM-I
muu-K-7;muu-K-7-4;K-RP;AE-RO;AM-I
muu-K-7;muu-K-7-5;K-RB;AE-PO;AM-BE, AM-I
muu-K-8;muu-K-8-1;K-RP;AE-RO;AM-HB
muu-K-8;muu-K-8-2;K-RP;AE-RO;AM-B
muu-K-8;muu-K-8-3;K-RP;AE-RO;AM-S
muu-K-8;muu-K-8-4;K-RP;AE-RO;AM-I
muu-K-8;muu-K-8-5;K-RP;AE-RO;AM-I
muu-K-8;muu-K-8-6;K-RP;AE-RO;AM-S, AM-I, AM-B
muu-K-9;muu-K-9-1;K-RP;AE-RO;AM-HB
muu-K-9;muu-K-9-2;K-RP;AE-RO;AM-HB
muu-K-9;muu-K-9-3;K-RP;AE-RO;AM-LN
muu-K-9;muu-K-9-4;K-RP;AE-KO;AM-K
muu-K-9;muu-K-9-5;K-RF;AE-RO;AM-HB
muu-K-9;muu-K-9-6;K-RB;AE-PO;AM-BE
muu-K-9;muu-K-9-7;K-RB;AE-PO;AM-BE
muu-K-10;muu-K-10-1;K-RP;AE-RO;AM-HB
muu-K-10;muu-K-10-2;K-RP;AE-KO;AM-K
muu-K-10;muu-K-10-3;K-RP;AE-KO;AM-K
muu-K-10;muu-K-10-4;K-RP;AE-RO;AM-LN
muu-K-10;muu-K-10-5;K-RP;AE-RO;AM-HB
muu-K-10;muu-K-10-6;K-RP;AE-RO;AM-HB
muu-K-10;muu-K-10-7;K-RB;AE-PO;AM-BE, AM-I, AM-S
muu-K-10;muu-K-10-8;K-RB;AE-PO;AM-BE
muu-K-10;muu-K-10-9;K-RB;AE-PO;AM-BE
muu-K-10;muu-K-10-10;K-RB;AE-PO;AM-BE, AM-I
muu-K-10;muu-K-10-11;K-RP;AE-KO;AM-K
muu-K-10;muu-K-10-12;K-RB;AE-PO;AM-BE
muu-K-10;muu-K-10-13;-;-;-
muu-K-10;muu-K-10-14;K-RB;AE-PO;AM-BE, AM-I
muu-K-11;muu-K-11-1;K-RP;AE-KO;AM-K
muu-K-11;muu-K-11-2;K-RP;AE-KO;AM-K
muu-K-11;muu-K-11-3;K-RP;AE-KO;AM-K
muu-K-11;muu-K-11-4;K-RP;AE-RO;AM-HB
muu-K-11;muu-K-11-5;K-RP;AE-RO;AM-HB
muu-K-11;muu-K-11-6;K-RB;AE-PO;AM-I
muu-K-11;muu-K-11-7;K-RB;AE-PO;AM-BE, AM-I
muu-K-11;muu-K-11-8;K-RB;AE-PO;AM-BE, AM-S
muu-K-11;muu-K-11-9;K-RB;AE-PO;AM-BE, AM-S
muu-K-12;muu-K-12-1;K-RP;AE-RO;AM-HB
muu-K-12;muu-K-12-2;K-RP;AE-RO;AM-HB
muu-K-12;muu-K-12-3;K-RP;AE-RO;AM-HB
muu-K-12;muu-K-12-4;K-RB;AE-PO;AM-BE, AM-I, AM-S
muu-K-12;muu-K-12-5;K-RB;AE-PO;AM-BE, AM-I, AM-S
muu-K-13;muu-K-13-1;K-RP;AE-KO;AM-K
muu-K-13;muu-K-13-2;K-RP;AE-RO;AM-HB
muu-K-13;muu-K-13-3;K-RP;AE-RO;AM-HB
muu-K-13;muu-K-13-4;K-RP;AE-RO;AM-HB
muu-K-13;muu-K-13-5;K-RP;AE-RO;AM-I
muu-K-13;muu-K-13-6;K-RP;AE-RO;AM-HB
muu-K-13;muu-K-13-7;K-RP;AE-RO;AM-I
muu-K-13;muu-K-13-8;K-RP;AE-RO;AM-HB
muu-K-13;muu-K-13-9;K-RB;AE-PO;AM-BE, AM-I
muu-K-13;muu-K-13-10;K-RP;AE-RO;AM-HB
muu-K-13;muu-K-13-11;K-RP;AE-KO;AM-K
muu-K-13;muu-K-13-12;K-RB;AE-PO;AM-BE
muu-K-13;muu-K-13-13;K-RB;AE-PO;AM-BE, AM-I
muu-K-13;muu-K-13-14;K-RB;AE-PO;AM-I
muu-K-14;muu-K-14-1;K-RP;AE-RO;AM-S
muu-K-14;muu-K-14-2;K-RP;AE-RO;AM-I
muu-K-14;muu-K-14-3;K-RP;AE-RO;AM-I
muu-K-15;muu-K-15-1;K-RB;AE-PO;AM-I
muu-K-15;muu-K-15-2;K-RP;AE-RO;AM-B
muu-K-15;muu-K-15-3;K-RP;AE-RO;AM-B, AM-I
muu-K-15;muu-K-15-4;K-RP;-;AM-B
muu-K-15;muu-K-15-5;K-RP;-;AM-B
muu-K-15;muu-K-15-6;K-RP;-;AM-B
muu-K-15;muu-K-15-7;K-RP;AE-RO;AM-B
muu-K-15;muu-K-15-8;K-RP;AE-RO;AM-HB
muu-K-15;muu-K-15-9;K-RP;AE-RO;AM-B
muu-K-15;muu-K-15-10;K-RP;AE-KO;AM-K
muu-K-15;muu-K-15-11;K-RP;AE-KO;AM-HB
muu-K-15;muu-K-15-12;K-RP;AE-RO;AM-HB
muu-K-15;muu-K-15-13;K-RP;AE-KO;AM-K
muu-K-16;muu-K-16-1;K-RB;AE-PO;AM-I
muu-K-16;muu-K-16-2;K-RP;AE-RO;AM-I
muu-K-16;muu-K-16-3;K-RP;AE-RO;AM-B
muu-K-16;muu-K-16-4;K-RP;AE-RO;AM-I
muu-K-16;muu-K-16-5;K-RP;AE-RO;AM-LN
muu-K-16;muu-K-16-6;K-RP;AE-RO;AM-I
muu-K-17;muu-K-17-1;K-RP;AE-RO;AM-I, AM-HB
muu-K-17;muu-K-17-2;K-RP;AE-RO;AM-B
muu-K-17;muu-K-17-3;K-RF;AE-KO;AM-K
muu-K-17;muu-K-17-4;K-RP;AE-RO;AM-HB
muu-K-17;muu-K-17-5;K-RP;AE-RO;AM-LN
muu-K-17;muu-K-17-6;K-RP;AE-RO;AM-LN
muu-K-17;muu-K-17-7;-;-;-
muu-K-17;muu-K-17-8;K-RP;AE-PO;-
muu-K-17;muu-K-17-9;K-RB;AE-PO;AM-BE, AM-I
muu-K-17;muu-K-17-10;K-RP;AE-RO;AM-HB
muu-K-18;muu-K-18-1;K-RP;AE-RO;AM-HB
muu-K-18;muu-K-18-2;K-RP;AE-RO;AM-HB, AM-S
muu-K-18;muu-K-18-3;K-RP;AE-RO;AM-HB
muu-K-18;muu-K-18-4;K-RP;AE-RO;AM-HB
muu-K-18;muu-K-18-5;K-RP;AE-RO;AM-HB
muu-K-18;muu-K-18-6;K-RP;AE-KO;AM-K
muu-K-18;muu-K-18-7;K-RP;AE-RO;AM-HB
muu-K-18;muu-K-18-8;K-RP;AE-RO;AM-I
muu-K-18;muu-K-18-9;K-RP;AE-RO;AM-HB
muu-K-18;muu-K-18-10;K-RF;AE-RO;AM-HB
muu-K-18;muu-K-18-11;K-RP;AE-RO;AM-HB
muu-K-18;muu-K-18-12;K-RP;AE-RO;AM-HB
muu-K-18;muu-K-18-13;K-RP;AE-KO;AM-K
muu-K-19;muu-K-19-1;K-RP;AE-RO;AM-S
muu-K-19;muu-K-19-2;K-RP;AE-KO;AM-S
muu-K-19;muu-K-19-3;K-RP;AE-KO;AM-LN
muu-K-19;muu-K-19-4;K-RP;AE-RO;AM-I
muu-K-20;muu-K-20-1;K-RP;AE-RO;AM-HB
muu-K-20;muu-K-20-2;K-RP;AE-RO;AM-I
muu-K-20;muu-K-20-3;K-RP;AE-RO;AM-S
muu-K-20;muu-K-20-4;K-RP;AE-RO;AM-I
muu-K-20;muu-K-20-5;K-RF;AE-RO;AM-HB
muu-K-20;muu-K-20-6;K-RF;AE-RO;AM-HB
muu-K-20;muu-K-20-7;K-RB;AE-PO;AM-BE
muu-K-21;muu-K-21-1;K-RP;AE-RO;AM-I
muu-K-21;muu-K-21-2;K-RP;AE-RO;AM-I
muu-K-21;muu-K-21-3;K-RP;AE-RO;AM-I
muu-K-21;muu-K-21-4;K-RP;AE-RO;AM-S
muu-K-21;muu-K-21-5;K-RF;AE-KO;AM-K
muu-K-22;muu-K-22-1;K-RP;AE-RO;AM-HB
muu-K-22;muu-K-22-2;K-RP;AE-RO;AM-HB
muu-K-22;muu-K-22-3;K-RP;AE-RO;AM-HB
muu-K-22;muu-K-22-4;K-RP;AE-RO;AM-HB
muu-K-22;muu-K-22-5;K-RP;AE-RO;AM-HB
muu-K-22;muu-K-22-6;K-RP;AE-RO;AM-HB
muu-K-22;muu-K-22-7;K-RP;AE-RO;AM-HB
muu-K-22;muu-K-22-8;K-RP;AE-RO;AM-LN
muu-K-22;muu-K-22-9;K-RP;AE-RO;AM-HB
muu-K-22;muu-K-22-10;K-RP;AE-RO;AM-HB
muu-K-22;muu-K-22-11;K-RP;AE-KO;AM-LN
muu-K-22;muu-K-22-12;K-RP;AE-RO;AM-HB
muu-K-22;muu-K-22-13;K-RP;AE-RO;AM-HB
muu-K-22;muu-K-22-14;K-RP;AE-RO;AM-LN
muu-K-22;muu-K-22-15;K-RP;AE-RO;AM-HB
muu-K-22;muu-K-22-16;K-RP;AE-RO;AM-HB
muu-K-22;muu-K-22-17;K-RP;AE-RO;AM-HB
muu-K-22;muu-K-22-18;K-RP;AE-RO;AM-HB
muu-K-22;muu-K-22-19;K-RP;AE-RO;AM-HB
muu-K-22;muu-K-22-20;K-RF;AE-KO;AM-K
muu-K-23;muu-K-23-1;K-RP;-;AM-B
muu-K-23;muu-K-23-2;K-RF;-;AM-K
muu-K-23;muu-K-23-3;K-RP;-;AM-B
muu-K-23;muu-K-23-4;K-RF;-;AM-K
muu-K-23;muu-K-23-5;K-RP;AE-RO;AM-HB
muu-K-23;muu-K-23-6;K-RP;AE-RO;AM-B
muu-K-23;muu-K-23-7;K-RB;AE-RO;AM-B
muu-K-24;muu-K-24-1;K-RP;AE-RO;AM-LN
muu-K-24;muu-K-24-2;K-RP;AE-RO;AM-S
muu-K-24;muu-K-24-3;K-RP;AE-RO;AM-I
muu-K-24;muu-K-24-4;K-RP;AE-RO;AM-LN
muu-K-24;muu-K-24-5;K-RP;AE-RO;AM-HB
muu-K-25;muu-K-25-1;K-RB;AE-PO;AM-I, AM-S
muu-K-25;muu-K-25-2;K-RF;AE-KO;AM-K
muu-K-25;muu-K-25-3;K-RP;AE-RO;AM-HB
muu-K-25;muu-K-25-4;K-RP;AE-RO;AM-HB
muu-K-25;muu-K-25-5;K-RP;AE-RO;AM-HB
muu-K-25;muu-K-25-6;K-RP;AE-RO;AM-HB
muu-K-25;muu-K-25-7;K-RP;AE-RO;AM-HB
muu-K-25;muu-K-25-8;-;AE-KO;AM-K
muu-K-26;muu-K-26-1;K-RP;AE-KO;AM-K
muu-K-26;muu-K-26-2;K-RP;AE-RO;AM-HB
muu-K-26;muu-K-26-3;K-RP;AE-KO;AM-K
muu-K-26;muu-K-26-4;K-RP;AE-RO;AM-HB
muu-K-26;muu-K-26-5;K-RP;AE-RO;AM-HB
muu-K-26;muu-K-26-6;K-RF;AE-RO;AM-HB
muu-K-26;muu-K-26-7;K-RB;AE-RO;AM-S, AM-I
muu-K-26;muu-K-26-8;K-RB;AE-RO;AM-S
muu-K-26;muu-K-26-9;K-RB;AE-PO;AM-S
muu-K-26;muu-K-26-10;-;AE-KO;AM-K
muu-K-26;muu-K-26-11;K-RF;AE-KO;AM-K
muu-K-26;muu-K-26-12;K-RP;AE-KO;AM-K
muu-K-26;muu-K-26-13;K-RP;AE-KO;AM-K
muu-K-26;muu-K-26-14;K-RF;AE-KO;AM-K
muu-K-27;muu-K-27-1;K-RP;AE-RO;AM-HB
muu-K-27;muu-K-27-2;K-RP;AE-RO;AM-S
muu-K-27;muu-K-27-3;K-RP;AE-RO;AM-S
muu-K-27;muu-K-27-4;K-RP;AE-RO;AM-HB
muu-K-27;muu-K-27-5;K-RP;AE-KO;AM-K
muu-K-27;muu-K-27-6;K-RP;AE-RO;AM-S
muu-K-27;muu-K-27-7;K-RB;AE-PO;AM-BE
muu-K-27;muu-K-27-8;K-RB;AE-PO;AM-BE
muu-K-27;muu-K-27-9;K-RF;AE-KO;AM-K
muu-K-28;muu-K-28-1;K-RP;AE-RO;AM-HB
muu-K-28;muu-K-28-2;K-RP;AE-RO;AM-HB
muu-K-28;muu-K-28-3;K-RP;AE-RO;AM-HB
muu-K-28;muu-K-28-4;-;AE-KO;AM-K
muu-K-28;muu-K-28-5;K-RP;AE-RO;AM-HB
muu-K-28;muu-K-28-6;K-RP;AE-KO;AM-K
muu-K-28;muu-K-28-7;K-RP;AE-KO;AM-K
muu-K-28;muu-K-28-8;K-RP;AE-KO;AM-HB
muu-K-28;muu-K-28-9;K-RP;AE-KO;AM-K
muu-K-28;muu-K-28-10;K-RP;AE-KO;AM-K
muu-K-28;muu-K-28-11;K-RP;AE-KO;AM-K
muu-K-29;muu-K-29-1;K-RP;AE-RO;AM-HB
muu-K-29;muu-K-29-2;K-RF;AE-KO;AM-K
muu-K-29;muu-K-29-3;K-RP;AE-RO;AM-HB
muu-K-29;muu-K-29-4;K-RP;AE-RO;AM-I
muu-K-29;muu-K-29-5;K-RB;AE-PO;AM-BE
muu-K-29;muu-K-29-6;K-RF;AE-KO;AM-K
muu-K-29;muu-K-29-7;K-RP;AE-KO;AM-K
muu-K-29;muu-K-29-8;K-RP;AE-KO;AM-K
muu-K-29;muu-K-29-9;K-RP;AE-KO;AM-K
muu-K-30;muu-K-30-1;K-RP;AE-KO;AM-K
muu-K-30;muu-K-30-2;K-RP;AE-KO;AM-K
muu-K-30;muu-K-30-3;K-RP;AE-RO;AM-HB
muu-K-30;muu-K-30-4;K-RP;AE-RO;AM-K
muu-K-31;muu-K-31-1;K-RP;AE-KO;AM-K
muu-K-31;muu-K-31-2;K-RP;AE-KO;AM-K
muu-K-31;muu-K-31-3;K-RP;AE-KO;AM-K
muu-K-31;muu-K-31-4;K-RP;AE-KO;AM-K
muu-K-31;muu-K-31-5;K-RP;AE-KO;AM-K
muu-K-31;muu-K-31-6;K-RP;AE-RO;AM-HB
muu-K-32;muu-K-32-1;K-RP;AE-RO;AM-HB
muu-K-32;muu-K-32-2;K-RB;AE-PO;AM-BE, AM-I
muu-K-32;muu-K-32-3;K-RB;AE-PO;AM-I
muu-K-33;muu-K-33-1;K-RP;AE-RO;AM-HB
muu-K-33;muu-K-33-2;K-RP;AE-RO;AM-HB
muu-K-33;muu-K-33-3;K-RB;AE-RO;AM-I, AM-HB
muu-K-33;muu-K-33-4;K-RP;-;AM-K
muu-K-33;muu-K-33-5;K-RF;AE-KO;AM-K
muu-K-33;muu-K-33-6;K-RP;AE-KO;AM-K
muu-K-33;muu-K-33-7;K-RP;AE-RO;AM-HB
muu-K-33;muu-K-33-8;K-RP;AE-RO;AM-HB
muu-K-33;muu-K-33-9;K-RP;AE-KO;AM-K
muu-K-33;muu-K-33-10;K-RP;AE-RO;AM-I
muu-K-33;muu-K-33-11;K-RB;AE-PO;AM-BE
muu-K-33;muu-K-33-12;K-RB;AE-PO;AM-I
muu-K-34;muu-K-34-1;K-RF;AE-KO;AM-K
muu-K-34;muu-K-34-2;K-RF;AE-KO;AM-K
muu-K-34;muu-K-34-3;K-RB;AE-PO;AM-BE
muu-K-34;muu-K-34-4;K-RB;AE-PO;AM-BE
muu-K-34;muu-K-34-5;K-RF;AE-KO;AM-K
muu-K-35;muu-K-35-1;K-RP;AE-RO;AM-B
muu-K-35;muu-K-35-2;K-RP;AE-RO;AM-HB
muu-K-35;muu-K-35-3;K-RP;AE-RO;AM-HB
muu-K-35;muu-K-35-4;K-RP;AE-RO;AM-B
muu-K-36;muu-K-36-1;K-RP;AE-RO;AM-HB
muu-K-36;muu-K-36-2;K-RP;AE-RO;AM-HB
muu-K-36;muu-K-36-3;K-RP;AE-RO;AM-HB
muu-K-36;muu-K-36-4;K-RP;AE-RO;AM-HB
muu-K-36;muu-K-36-5;K-RP;AE-RO;AM-HB
muu-K-37;muu-K-37-1;K-RP;AE-KO;AM-K
muu-K-37;muu-K-37-2;K-RP;AE-KO;AM-K
muu-K-37;muu-K-37-3;K-RF;AE-KO;AM-K
muu-K-38;muu-K-38-1;K-RP;AE-RO;AM-HB
muu-K-38;muu-K-38-2;K-RP;AE-RO;AM-HB
muu-K-38;muu-K-38-3;K-RP;AE-RO;AM-HB
muu-K-38;muu-K-38-4;K-RP;AE-RO;AM-HB
muu-K-38;muu-K-38-5;K-RP;AE-KO;AM-K
muu-K-38;muu-K-38-6;K-RP;AE-KO;AM-K
muu-K-38;muu-K-38-7;K-RP;AE-KO;AM-K
muu-K-38;muu-K-38-8;K-RF;AE-KO;AM-K
muu-K-38;muu-K-38-9;K-RB;AE-PO;AM-BE, AM-I
muu-K-38;muu-K-38-10;K-RP;AE-KO;AM-K
muu-K-38;muu-K-38-11;K-RF;AE-KO;AM-K
muu-K-39;muu-K-39-1;K-RP;AE-RO;AM-HB
muu-K-39;muu-K-39-2;K-RP;AE-KO;AM-K
muu-K-39;muu-K-39-3;K-RP;AE-KO;AM-K
muu-K-39;muu-K-39-4;K-RB;AE-KO;AM-K
muu-K-39;muu-K-39-5;K-RF;AE-KO;AM-K
muu-K-40;muu-K-40-1;K-RF;AE-KO;AM-K
muu-K-40;muu-K-40-2;K-RF;AE-KO;AM-K
muu-K-40;muu-K-40-3;K-RF;AE-KO;AM-K
muu-K-41;muu-K-41-1;K-RP;AE-KO;AM-K
muu-K-41;muu-K-41-2;K-RP;AE-RO;AM-HB
muu-K-41;muu-K-41-3;K-RP;AE-RO;AM-HB
muu-K-41;muu-K-41-4;K-RP;AE-KO;AM-K
muu-K-41;muu-K-41-5;K-RP;AE-KO;AM-K
muu-K-41;muu-K-41-6;K-RF;AE-KO;AM-K
muu-K-41;muu-K-41-7;K-RP;AE-KO;AM-K
muu-K-41;muu-K-41-8;K-RF;AE-KO;AM-K
muu-K-42;muu-K-42-1;K-RB;AE-RO;AM-B
muu-K-42;muu-K-42-2;K-RP;AE-RO;AM-HB
muu-K-42;muu-K-42-3;K-RP;AE-RO;AM-HB
muu-K-42;muu-K-42-4;K-RP;AE-RO;AM-B
muu-K-42;muu-K-42-5;K-RB;-;-
muu-K-42;muu-K-42-6;K-RP;AE-RO;AM-HB
muu-K-42;muu-K-42-7;K-RP;AE-RO;AM-HB
muu-K-42;muu-K-42-8;K-RP;AE-RO;AM-K
muu-K-42;muu-K-42-9;K-RP;-;-
muu-K-42;muu-K-42-10;K-RB;AE-PO;AM-I
muu-K-43;muu-K-43-1;K-RB;AE-PO;AM-BE, AM-I
muu-K-43;muu-K-43-2;K-RP;AE-KO;AM-K
muu-K-43;muu-K-43-3;K-RP;AE-KO;AM-K
muu-K-43;muu-K-43-4;K-RF;AE-KO;AM-K
muu-K-43;muu-K-43-5;K-RP;AE-KO;AM-K
muu-K-43;muu-K-43-6;K-RP;AE-RO;AM-HB
muu-K-43;muu-K-43-7;K-RP;AE-RO;AM-HB
muu-K-44;muu-K-44-1;K-RP;AE-KO;AM-K
muu-K-44;muu-K-44-2;K-RP;AE-KO;AM-K
muu-K-44;muu-K-44-3;K-RP;AE-RO;AM-HB
muu-K-44;muu-K-44-4;K-RP;AE-RO;AM-K
muu-K-44;muu-K-44-5;K-RP;AE-RO;AM-HB
muu-K-44;muu-K-44-6;K-RP;AE-KO;AM-K
muu-K-44;muu-K-44-7;K-RP;AE-RO;AM-HB
muu-K-44;muu-K-44-8;K-RP;AE-RO;AM-HB
muu-K-44;muu-K-44-9;K-RB;AE-PO;AM-BE
muu-K-45;muu-K-45-1;K-RP;AE-RO;AM-HB
muu-K-45;muu-K-45-2;K-RP;AE-RO;AM-HB
muu-K-45;muu-K-45-3;K-RP;-;-
muu-K-45;muu-K-45-4;K-RP;-;-
muu-K-45;muu-K-45-5;K-RF;AE-KO;AM-K
muu-K-46;muu-K-46-1;K-RP;AE-KO;AM-K
muu-K-46;muu-K-46-2;K-RP;AE-RO;AM-HB
muu-K-46;muu-K-46-3;K-RP;AE-RO;AM-I
muu-K-46;muu-K-46-4;K-RP;AE-RO;AM-I, AM-BE
muu-K-47;muu-K-47-1;K-RP;AE-RO;AM-HB
muu-K-47;muu-K-47-2;K-RP;AE-RO;AM-HB
muu-K-47;muu-K-47-3;K-RP;AE-RO;AM-HB
muu-K-48;muu-K-48-1;K-RP;AE-RO;AM-HB
muu-K-48;muu-K-48-2;K-RP;AE-RO;AM-HB
muu-K-48;muu-K-48-3;K-RB;AE-PO;AM-BE, AM-I
muu-K-49;muu-K-49-1;K-RP;AE-RO;AM-I
muu-K-49;muu-K-49-2;K-RF;-;-
muu-K-49;muu-K-49-3;K-RB;AE-PO;AM-I, AM-M
muu-K-49;muu-K-49-4;K-RF;-;-
muu-K-49;muu-K-49-5;K-RB;AE-PO;AM-I
muu-K-49;muu-K-49-6;K-RP;AE-KO;AM-K
muu-K-49;muu-K-49-7;K-RB;AE-KO;AM-K
muu-K-50;muu-K-50-1;K-RP;AE-KO;AM-K
muu-K-50;muu-K-50-2;K-RP;AE-KO;AM-K
muu-K-50;muu-K-50-3;K-RP;AE-KO;AM-K
muu-K-50;muu-K-50-4;K-RF;AE-KO;AM-K